ts_wall_s,ts_mono_s,dt_s,cpu_logical,cpu_physical,cpu_freq_cur_mhz_mean,cpu_freq_cur_mhz_max,cpu_total_percent,cpu_mean_core_percent,cpu_max_core_percent,cpu_core_count_sampled,loadavg_1,loadavg_5,loadavg_15,procs_running,procs_blocked,ctx_switches_d,interrupts_d,soft_interrupts_d,syscalls_d,cg_nr_periods,cg_nr_throttled,cg_throttled_usec,cg_nr_throttled_d,cg_throttled_usec_d,pct_user,pct_system,pct_idle,pct_iowait,pct_irq,pct_softirq,pct_steal,pct_guest,pct_guest_nice,sec_user_d,sec_system_d,sec_idle_d,sec_iowait_d,sec_irq_d,sec_softirq_d,sec_steal_d,sec_guest_d,sec_guest_nice_d,sec_total_d,proc_cpu_sec_d_sum,proc_cpu_pct_total_sum
1769028544.3084354,859704.593264372,1.0011961070122197,12,6,1044.9596666666666,3380.542,0.3,0.25,1.0,12,0.08203125,0.173828125,0.1708984375,3,0,1380,1061,843,0,0,0,0,0,0,0.2502085070857615,0.16680567140062158,99.4995829858133,0.08340283570031079,0.0,0.0,0.0,0.0,0.0,0.029999999998835847,0.020000000000436557,11.929999999701977,0.010000000000218279,0.0,0.0,0.0,0.0,0.0,11.989999999701467,,
1769028545.3104236,859705.595292715,1.0012379110557958,12,6,1546.0807499999999,4018.143,0.6,0.3333333333333333,1.0,12,0.08203125,0.173828125,0.1708984375,1,0,1283,798,649,0,0,0,0,0,0,0.3330557868660123,0.2497918401419364,99.41715237299205,0.0,0.0,0.0,0.0,0.0,0.0,0.040000000000873115,0.02999999999974534,11.93999999947846,0.0,0.0,0.0,0.0,0.0,0.0,12.009999999479078,,
1769028546.3122525,859706.597264478,1.0013808439252898,12,6,949.9407499999999,2599.114,0.3,0.5,2.0,12,0.08203125,0.173828125,0.1708984375,1,0,945,683,529,0,0,0,0,0,0,0.16680567136887534,0.0834028356920231,99.7497914929391,0.0,0.0,0.0,0.0,0.0,0.0,0.019999999998617568,0.010000000000218279,11.96000000089407,0.0,0.0,0.0,0.0,0.0,0.0,11.990000000892906,,
1769028547.3141458,859707.59920917,1.0014323419891298,12,6,1162.9856666666667,3569.944,0.3,0.4166666666666667,2.0,12,0.0751953125,0.1708984375,0.169921875,1,0,874,334,287,0,0,0,0,0,0,0.24979184016345052,0.08326394672115017,99.6669442131154,0.0,0.0,0.0,0.0,0.0,0.0,0.030000000000654836,0.010000000000218279,11.969999998807907,0.0,0.0,0.0,0.0,0.0,0.0,12.00999999880878,,
1769028548.3161318,859708.601213795,1.001450994051993,12,6,1049.86625,2787.648,0.4,0.25,1.0,12,0.0751953125,0.1708984375,0.169921875,1,0,969,644,482,0,0,0,0,0,0,0.08326394670669184,0.33305578681919457,99.58368026647412,0.0,0.0,0.0,0.0,0.0,0.0,0.010000000000218279,0.03999999999996362,11.96000000089407,0.0,0.0,0.0,0.0,0.0,0.0,12.010000000894252,,
1769028549.3181367,859709.603171336,1.001403326052241,12,6,1203.4914166666667,3029.714,2.0,1.7666666666666666,17.2,12,0.0751953125,0.1708984375,0.169921875,1,0,986,868,595,0,0,0,0,0,0,1.083333333333662,0.8333333333341693,97.25000000000735,0.7499999999908994,0.0,0.0833333333339143,0.0,0.0,0.0,0.12999999999919964,0.0999999999994543,11.669999999925494,0.08999999999832653,0.0,0.010000000000005116,0.0,0.0,0.0,11.99999999992248,,
1769028550.3200579,859710.605105159,1.0014162339502946,12,6,1214.2210833333331,2658.7,0.4,0.5833333333333334,2.0,12,0.0751953125,0.1708984375,0.169921875,1,0,958,499,393,0,0,0,0,0,0,0.16638935107587793,0.24958402660625037,99.58402662231786,0.0,0.0,0.0,0.0,0.0,0.0,0.020000000000436557,0.02999999999974534,11.970000000670552,0.0,0.0,0.0,0.0,0.0,0.0,12.020000000670734,,
1769028551.3220265,859711.607018033,1.0013603870756924,12,6,1864.6090833333335,4277.544,6.0,6.183333333333334,47.0,12,0.0751953125,0.1708984375,0.169921875,1,0,3440,3617,1586,0,0,0,0,0,0,5.676126878132423,0.41736227045225316,93.90651085141532,0.0,0.0,0.0,0.0,0.0,0.0,0.680000000000291,0.0500000000001819,11.25,0.0,0.0,0.0,0.0,0.0,0.0,11.980000000000473,,
1769028552.323966,859712.60813556,1.0005382359959185,12,6,1458.8115833333334,3656.185,2.2,2.0,20.0,12,0.06884765625,0.16796875,0.1689453125,1,0,2127,962,647,0,0,0,0,0,0,1.9182652212761158,0.16680567141927202,97.91492910730462,0.0,0.0,0.0,0.0,0.0,0.0,0.22999999999956344,0.020000000000436557,11.739999998360872,0.0,0.0,0.0,0.0,0.0,0.0,11.989999998360872,,
1769028553.325046,859713.610074425,1.0013973989989609,12,6,1459.8035833333333,3350.791,2.2,2.0833333333333335,20.0,12,0.06884765625,0.16796875,0.1689453125,2,0,1913,1100,738,0,0,0,0,0,0,1.9182652209573436,0.25020850707776476,97.83152627196489,0.0,0.0,0.0,0.0,0.0,0.0,0.23000000000138243,0.02999999999974534,11.730000000447035,0.0,0.0,0.0,0.0,0.0,0.0,11.990000000448163,,
1769029107.790733,860268.075627389,1.001261536963284,12,6,906.2758333333335,2073.446,0.8,0.5833333333333334,2.0,12,0.283203125,0.1650390625,0.1513671875,2,0,1276,997,844,0,0,0,0,0,0,0.41701417851961603,0.33361134280810734,98.99916597156052,0.2502085071117696,0.0,0.0,0.0,0.0,0.0,0.050000000001091394,0.03999999999996362,11.869999999180436,0.030000000000654836,0.0,0.0,0.0,0.0,0.0,11.989999999182146,,
1769029108.7928503,860269.077795736,1.001314118038863,12,6,1763.1288333333334,4137.786,0.4,0.6666666666666666,2.0,12,0.283203125,0.1650390625,0.1513671875,2,0,1118,647,538,0,0,0,0,0,0,0.25020850705157954,0.16680567137024815,99.58298582157818,0.0,0.0,0.0,0.0,0.0,0.0,0.029999999998835847,0.019999999999527063,11.940000001341105,0.0,0.0,0.0,0.0,0.0,0.0,11.990000001339467,,
1769029109.794777,860270.079247658,1.000839698011987,12,6,1435.9924166666667,4135.121,0.3,0.3333333333333333,2.0,12,0.283203125,0.1650390625,0.1513671875,2,1,885,497,391,0,0,0,0,0,0,0.16652789343919808,0.16652789343919808,99.58368026640201,0.08326394671959904,0.0,0.0,0.0,0.0,0.0,0.020000000000436557,0.020000000000436557,11.959999999031425,0.010000000000218279,0.0,0.0,0.0,0.0,0.0,12.009999999032516,,
1769029110.796289,860271.080315419,1.0003952250117436,12,6,1343.4156666666668,2849.772,0.3,0.25,1.0,12,0.283203125,0.1650390625,0.1513671875,3,0,861,496,365,0,0,0,0,0,0,0.16666666666099494,0.08333333332291835,99.75000000001609,0.0,0.0,0.0,0.0,0.0,0.0,0.020000000000436557,0.009999999999308784,11.970000000670552,0.0,0.0,0.0,0.0,0.0,0.0,12.000000000670298,,
1769029111.7973824,860272.08236288,1.0013492429861799,12,6,2016.2434999999998,4400.0,1.1,0.9249999999999999,10.1,12,0.283203125,0.1650390625,0.1513671875,2,0,1674,769,468,0,0,0,0,0,0,1.001669449104515,0.0834724540945735,98.91485809680091,0.0,0.0,0.0,0.0,0.0,0.0,0.11999999999898137,0.010000000000218279,11.849999999627471,0.0,0.0,0.0,0.0,0.0,0.0,11.97999999962667,,
1769029112.7993262,860273.084297898,1.0013404419878498,12,6,1506.162583333333,3137.331,5.2,4.941666666666666,20.2,12,0.3408203125,0.17919921875,0.15625,1,0,2919,2196,1467,0,0,0,0,0,0,4.670558799328674,0.5004170142159539,94.82902418645537,0.0,0.0,0.0,0.0,0.0,0.0,0.5600000000013097,0.06000000000040018,11.369999999180436,0.0,0.0,0.0,0.0,0.0,0.0,11.989999999182146,,
1769029113.8011808,860274.08526062,1.0004486039979383,12,6,2428.560833333333,4293.507,4.3,4.75,42.0,12,0.3408203125,0.17919921875,0.15625,2,0,3300,2712,1257,0,0,0,0,0,0,3.92320534201223,0.3338898163416279,95.74290484164614,0.0,0.0,0.0,0.0,0.0,0.0,0.46999999999934516,0.03999999999996362,11.470000000670552,0.0,0.0,0.0,0.0,0.0,0.0,11.980000000669861,,
1769029114.8021781,860275.087183207,1.0013736300170422,12,6,1098.1785833333333,3554.035,2.5,2.4,23.8,12,0.3408203125,0.17919921875,0.15625,1,3,2038,1082,751,0,0,0,0,0,0,2.2499999997940563,0.249999999974591,97.50000000023135,0.0,0.0,0.0,0.0,0.0,0.0,0.27000000000043656,0.02999999999974534,11.700000001117587,0.0,0.0,0.0,0.0,0.0,0.0,12.000000001117769,,
1769029115.8319855,860276.117049777,1.0014325398951769,12,6,1281.4120833333334,3542.221,4.3,4.416666666666667,14.0,12,0.3408203125,0.17919921875,0.15625,3,0,2142,3032,898,0,0,0,0,0,0,4.136253041864081,0.16220600164519985,94.48499594418122,1.2165450123094939,0.0,0.0,0.0,0.0,0.0,0.5100000000002183,0.020000000000436557,11.649999998509884,0.1499999999996362,0.0,0.0,0.0,0.0,0.0,12.329999998510175,,
1769029116.834142,860277.119129191,1.001355994027108,12,6,1808.6168333333335,3984.664,3.4,3.25,18.0,12,0.39404296875,0.19287109375,0.1611328125,1,0,1960,1155,689,0,0,0,0,0,0,3.1613976702096336,0.1663893510600808,96.58901830319834,0.0,0.0,0.08319467553193202,0.0,0.0,0.0,0.37999999999919964,0.019999999999527063,11.610000001266599,0.0,0.0,0.009999999999990905,0.0,0.0,0.0,12.020000001265316,,
1769029302.078412,860462.36329525,1.0012504359474406,12,6,1470.49675,4110.761,1.9,2.2333333333333334,17.8,12,0.1513671875,0.2216796875,0.1767578125,3,0,1923,1183,835,0,0,0,0,0,0,1.7514595496323424,0.1668056713964461,97.99833194327299,0.08340283569822304,0.0,0.0,0.0,0.0,0.0,0.21000000000094587,0.020000000000436557,11.75,0.010000000000218279,0.0,0.0,0.0,0.0,0.0,11.9900000000016,,
1769029303.0804708,860463.365331951,1.0012299959780648,12,6,1679.1503333333337,3892.012,3.7,3.5,23.0,12,0.1513671875,0.2216796875,0.1767578125,2,0,2132,1620,990,0,0,0,0,0,0,3.336113428164583,0.3336113428164583,96.33027522901895,0.0,0.0,0.0,0.0,0.0,0.0,0.3999999999996362,0.03999999999996362,11.549999998882413,0.0,0.0,0.0,0.0,0.0,0.0,11.989999998882013,,
1769029304.082276,860464.367212582,1.001305163023062,12,6,1039.9421666666665,3044.402,2.1,2.25,21.0,12,0.1513671875,0.2216796875,0.1767578125,1,0,2123,1395,903,0,0,0,0,0,0,2.0033388980871814,0.08347245408127206,97.91318864783155,0.0,0.0,0.0,0.0,0.0,0.0,0.23999999999978172,0.009999999999308784,11.730000000447035,0.0,0.0,0.0,0.0,0.0,0.0,11.980000000446125,,
1769029305.0840943,860465.369097989,1.0013728060293943,12,6,1707.908333333333,4378.494,2.1,2.0,20.0,12,0.1513671875,0.2216796875,0.1767578125,1,0,1915,1145,713,0,0,0,0,0,0,2.001668056674793,0.08340283569667939,97.91492910762852,0.0,0.0,0.0,0.0,0.0,0.0,0.23999999999978172,0.010000000000218279,11.740000000223517,0.0,0.0,0.0,0.0,0.0,0.0,11.990000000223517,,
1769029306.0859962,860466.370988074,1.0013609669404104,12,6,1433.9325,3324.221,2.3,2.0833333333333335,19.0,12,0.1513671875,0.2216796875,0.1767578125,1,0,2095,1372,915,0,0,0,0,0,0,1.9166666666065706,0.33333333332057513,97.75000000007286,0.0,0.0,0.0,0.0,0.0,0.0,0.23000000000138243,0.03999999999996362,11.730000000447035,0.0,0.0,0.0,0.0,0.0,0.0,12.00000000044838,,
1769029307.087896,860467.372899173,1.0013721709838137,12,6,1302.5458333333333,3387.534,2.1,2.3333333333333335,20.0,12,0.2197265625,0.23486328125,0.181640625,1,0,1911,1202,804,0,0,0,0,0,0,2.0033388983985074,0.08347245410183575,97.91318864749967,0.0,0.0,0.0,0.0,0.0,0.0,0.23999999999978172,0.010000000000218279,11.72999999858439,0.0,0.0,0.0,0.0,0.0,0.0,11.97999999858439,,
1769029308.0898027,860468.374809885,1.0013760990696028,12,6,1207.4061666666666,3264.356,3.5,3.5833333333333335,23.0,12,0.2197265625,0.23486328125,0.181640625,1,0,1967,1278,749,0,0,0,0,0,0,3.249999999975197,0.2499999999963431,96.50000000002846,0.0,0.0,0.0,0.0,0.0,0.0,0.3899999999994179,0.02999999999974534,11.580000000074506,0.0,0.0,0.0,0.0,0.0,0.0,12.000000000073669,,
1769029309.0917253,860469.376694451,1.001338190981187,12,6,1136.4464999999998,3483.508,2.0,2.0,12.0,12,0.2197265625,0.23486328125,0.181640625,1,0,2010,1047,633,0,0,0,0,0,0,1.8333333333278763,0.16666666667030466,97.91666666666666,0.08333333333515233,0.0,0.0,0.0,0.0,0.0,0.21999999999934516,0.020000000000436557,11.75,0.010000000000218279,0.0,0.0,0.0,0.0,0.0,12.0,,
1769029310.0936089,860470.378655474,1.0014154550153762,12,6,1398.5574166666665,4204.241,2.2,2.2333333333333334,20.8,12,0.2197265625,0.23486328125,0.181640625,1,0,1971,1138,730,0,0,0,0,0,0,1.9983347210417273,0.16652789341509538,97.75187343883361,0.0,0.0,0.08326394670955922,0.0,0.0,0.0,0.2400000000016007,0.019999999999527063,11.740000000223517,0.0,0.0,0.010000000000005116,0.0,0.0,0.0,12.01000000022465,,
1769029311.0955918,860471.380215261,1.0009925609920174,12,6,1918.7498333333333,4385.956,2.3,2.0,23.0,12,0.2197265625,0.23486328125,0.181640625,2,0,1971,1155,718,0,0,0,0,0,0,2.168473727931917,0.1668056713840462,97.66472060068403,0.0,0.0,0.0,0.0,0.0,0.0,0.2599999999983993,0.020000000000436557,11.71000000089407,0.0,0.0,0.0,0.0,0.0,0.0,11.990000000892906,,
1769029513.7276182,860674.012211638,1.0009607350220904,12,6,1190.4495833333333,3555.082,0.5,0.6666666666666666,2.0,12,0.0712890625,0.15869140625,0.1630859375,2,1,1039,718,603,0,0,0,0,0,0,0.2497918401003143,0.2497918401078871,99.5004163197918,0.0,0.0,0.0,0.0,0.0,0.0,0.029999999998835847,0.02999999999974534,11.950000001117587,0.0,0.0,0.0,0.0,0.0,0.0,12.010000001116168,,
1769029514.7293658,860675.014196776,1.0011996239190921,12,6,1755.3038333333334,3947.09,0.4,0.5,2.0,12,0.0712890625,0.15869140625,0.1630859375,1,0,1029,610,517,0,0,0,0,0,0,0.2500000000209752,0.166666666673071,99.58333333330596,0.0,0.0,0.0,0.0,0.0,0.0,0.030000000000654836,0.019999999999527063,11.949999999254942,0.0,0.0,0.0,0.0,0.0,0.0,11.999999999255124,,
1769029515.7311535,860676.016264056,1.0014795010210946,12,6,1471.0660833333334,3816.584,0.2,0.3333333333333333,1.0,12,0.0712890625,0.15869140625,0.1630859375,1,0,842,559,439,0,0,0,0,0,0,0.16666666666098234,0.08333333333049117,99.75000000000853,0.0,0.0,0.0,0.0,0.0,0.0,0.020000000000436557,0.010000000000218279,11.970000000670552,0.0,0.0,0.0,0.0,0.0,0.0,12.000000000671207,,
1769029516.733179,860677.018181142,1.0013709670165554,12,6,1036.2024166666667,2116.542,0.5,0.5833333333333334,2.0,12,0.0712890625,0.15869140625,0.1630859375,1,0,1036,565,487,0,0,0,0,0,0,0.24958402663275203,0.24958402664031856,99.50083194672693,0.0,0.0,0.0,0.0,0.0,0.0,0.029999999998835847,0.02999999999974534,11.959999999031425,0.0,0.0,0.0,0.0,0.0,0.0,12.019999999030006,,
1769029517.7350748,860678.020086112,1.0013803909532726,12,6,900.3888333333334,2004.227,0.3,0.25,1.0,12,0.0654296875,0.15576171875,0.162109375,1,0,1144,831,683,0,0,0,0,0,0,0.1668056713809083,0.1668056713809083,99.66638865723819,0.0,0.0,0.0,0.0,0.0,0.0,0.020000000000436557,0.020000000000436557,11.950000001117587,0.0,0.0,0.0,0.0,0.0,0.0,11.99000000111846,,
1769029518.736982,860679.021940734,1.0013275239616632,12,6,1136.70725,2384.612,0.2,0.16666666666666666,1.0,12,0.0654296875,0.15576171875,0.162109375,1,3,868,432,358,0,0,0,0,0,0,0.16652789344232558,0.08326394672116279,99.66694421313049,0.08326394670601717,0.0,0.0,0.0,0.0,0.0,0.020000000000436557,0.010000000000218279,11.969999998807907,0.00999999999839929,0.0,0.0,0.0,0.0,0.0,12.009999998806961,,
1769029519.7656806,860680.050797052,1.001484686974436,12,6,1503.10175,3596.609,0.3,0.25,2.0,12,0.0654296875,0.15576171875,0.162109375,2,0,945,567,432,0,0,0,0,0,0,0.16220600161774074,0.16220600161036447,98.45904298465359,1.216545012118303,0.0,0.0,0.0,0.0,0.0,0.020000000000436557,0.019999999999527063,12.140000000596046,0.1500000000014552,0.0,0.0,0.0,0.0,0.0,12.330000000597465,,
1769029520.767754,860681.052612102,1.0012269930448383,12,6,1299.412,4135.606,0.3,0.3333333333333333,2.0,12,0.0654296875,0.15576171875,0.162109375,1,0,1159,563,458,0,0,0,0,0,0,0.16652789340135293,0.16652789341649854,99.66694421318215,0.0,0.0,0.0,0.0,0.0,0.0,0.019999999998617568,0.020000000000436557,11.970000000670552,0.0,0.0,0.0,0.0,0.0,0.0,12.010000000669606,,
1769029521.7695587,860682.054488213,1.001298260060139,12,6,1476.2885833333332,3978.178,0.2,0.0,0.0,12,0.0654296875,0.15576171875,0.162109375,1,0,876,315,278,0,0,0,0,0,0,0.16666666668686503,0.0833333333358534,99.74999999997728,0.0,0.0,0.0,0.0,0.0,0.0,0.020000000000436557,0.009999999999308784,11.969999998807907,0.0,0.0,0.0,0.0,0.0,0.0,11.999999998807652,,
1769029522.7713885,860683.056389174,1.0013697429094464,12,6,833.4744166666666,1202.045,0.4,0.4166666666666667,2.0,12,0.06005859375,0.15283203125,0.1611328125,1,0,969,546,467,0,0,0,0,0,0,0.16652789341337404,0.16652789341337404,99.58368026646835,0.0,0.0,0.08326394670491213,0.0,0.0,0.0,0.020000000000436557,0.020000000000436557,11.96000000089407,0.0,0.0,0.010000000000005116,0.0,0.0,0.0,12.010000000894948,,
1769029675.8547256,860836.139655304,1.0012962670298293,12,6,897.38325,1524.643,0.3,0.4166666666666667,1.0,12,0.00244140625,0.08642578125,0.1318359375,3,0,1116,800,580,0,0,0,0,0,0,0.16666666665478008,0.249999999974591,99.58333333337063,0.0,0.0,0.0,0.0,0.0,0.0,0.020000000000436557,0.02999999999974534,11.950000001117587,0.0,0.0,0.0,0.0,0.0,0.0,12.000000001117769,,
1769029676.8568761,860837.141745231,1.0012375300284475,12,6,1048.921916666667,2300.215,0.3,0.08333333333333333,1.0,12,0.00244140625,0.08642578125,0.1318359375,1,0,1258,660,590,0,0,0,0,0,0,0.16680567140993416,0.08340283570496708,99.7497914928851,0.0,0.0,0.0,0.0,0.0,0.0,0.020000000000436557,0.010000000000218279,11.959999999031425,0.0,0.0,0.0,0.0,0.0,0.0,11.98999999903208,,
1769029677.8586385,860838.14319905,1.0009294629562646,12,6,1263.1168333333333,2958.91,0.4,0.5,1.0,12,0.001953125,0.0849609375,0.130859375,1,0,1074,561,469,0,0,0,0,0,0,0.1666666666396471,0.2499999999746289,99.58333333338572,0.0,0.0,0.0,0.0,0.0,0.0,0.019999999998617568,0.02999999999974534,11.950000001117587,0.0,0.0,0.0,0.0,0.0,0.0,12.00000000111595,,
1769029686.974562,860847.259212743,1.0010182110127062,12,6,1104.6555833333334,2636.991,0.6,0.5,1.0,12,0.0009765625,0.08203125,0.12890625,2,0,1093,652,559,0,0,0,0,0,0,0.3330557868659871,0.2497918401494903,99.41715237298452,0.0,0.0,0.0,0.0,0.0,0.0,0.040000000000873115,0.030000000000654836,11.93999999947846,0.0,0.0,0.0,0.0,0.0,0.0,12.009999999479987,,
1769029687.9763808,860848.261267611,1.0012546419166028,12,6,1254.4044166666667,3396.934,0.5,0.5,2.0,12,0.0009765625,0.08203125,0.12890625,3,0,1231,787,741,0,0,0,0,0,0,0.2500000000011937,0.25000000000877287,99.49999999999002,0.0,0.0,0.0,0.0,0.0,0.0,0.029999999998835847,0.02999999999974534,11.93999999947846,0.0,0.0,0.0,0.0,0.0,0.0,11.99999999947704,,
1769029688.9782054,860849.263142416,1.0013059650082141,12,6,1312.3544166666668,3609.561,0.3,0.4166666666666667,2.0,12,0.0009765625,0.08203125,0.12890625,1,0,1028,635,569,0,0,0,0,0,0,0.16666666665787488,0.16666666665787488,99.66666666668425,0.0,0.0,0.0,0.0,0.0,0.0,0.020000000000436557,0.020000000000436557,11.96000000089407,0.0,0.0,0.0,0.0,0.0,0.0,12.000000000894943,,
1769029689.9800563,860850.265050476,1.0013630419271067,12,6,1424.3790000000001,4435.937,0.4,0.4166666666666667,1.0,12,0.0009765625,0.08203125,0.12890625,1,1,979,496,417,0,0,0,0,0,0,0.24979184016036718,0.16652789343267196,98.91756869266113,0.6661115737458334,0.0,0.0,0.0,0.0,0.0,0.030000000000654836,0.019999999999527063,11.879999998956919,0.07999999999992724,0.0,0.0,0.0,0.0,0.0,12.009999998957028,,
1769029690.981937,860851.266995083,1.001427020994015,12,6,1325.2296666666668,3059.295,0.3,0.25,1.0,12,0.0009765625,0.08203125,0.12890625,1,0,960,714,533,0,0,0,0,0,0,0.16666666663344484,0.16666666664860308,99.41666666676021,0.24999999995774638,0.0,0.0,0.0,0.0,0.0,0.019999999998617568,0.020000000000436557,11.930000001564622,0.029999999998835847,0.0,0.0,0.0,0.0,0.0,12.000000001562512,,
1769029691.9839501,860852.268992836,1.00141175405588,12,6,1401.2424166666667,3564.634,0.2,0.25,1.0,12,0.00048828125,0.08056640625,0.1279296875,1,0,980,506,439,0,0,0,0,0,0,0.08340283570652972,0.08340283569894427,99.83319432859452,0.0,0.0,0.0,0.0,0.0,0.0,0.010000000000218279,0.009999999999308784,11.969999998807907,0.0,0.0,0.0,0.0,0.0,0.0,11.989999998807434,,
1769029692.9859414,860853.270969114,1.001396620995365,12,6,1242.1451666666665,3858.649,2.0,2.0833333333333335,17.0,12,0.00048828125,0.08056640625,0.1279296875,1,0,987,779,527,0,0,0,0,0,0,1.1666666666985495,0.8333333333517758,97.99999999994967,0.0,0.0,0.0,0.0,0.0,0.0,0.1400000000012369,0.1000000000003638,11.759999999776483,0.0,0.0,0.0,0.0,0.0,0.0,11.999999999778083,,
1769029693.9878976,860854.272865509,1.0013369250809774,12,6,1017.1198333333333,3404.022,0.2,0.16666666666666666,1.0,12,0.00048828125,0.08056640625,0.1279296875,1,0,835,451,389,0,0,0,0,0,0,0.08333333331689927,0.08333333333205752,99.83333333335105,0.0,0.0,0.0,0.0,0.0,0.0,0.00999999999839929,0.010000000000218279,11.980000000447035,0.0,0.0,0.0,0.0,0.0,0.0,12.000000000445652,,
1769029694.9897773,860855.274795751,1.0013868459500372,12,6,1222.0429166666665,2550.479,0.5,0.5,2.0,12,0.00048828125,0.08056640625,0.1279296875,1,0,933,541,421,0,0,0,0,0,0,0.24979184015416264,0.24979184014658984,99.50041631969924,0.0,0.0,0.0,0.0,0.0,0.0,0.030000000000654836,0.02999999999974534,11.949999999254942,0.0,0.0,0.0,0.0,0.0,0.0,12.009999999255342,,
1769029695.9917204,860856.276725303,1.0013737740227953,12,6,1008.0993333333332,2793.097,0.3,0.25,1.0,12,0.00048828125,0.08056640625,0.1279296875,1,1,1001,486,387,0,0,0,0,0,0,0.1663893510768977,0.1663893510768977,98.91846921801529,0.7487520798309066,0.0,0.0,0.0,0.0,0.0,0.020000000000436557,0.020000000000436557,11.890000000596046,0.09000000000014552,0.0,0.0,0.0,0.0,0.0,12.020000000597065,,
1769029696.9936354,860857.278657321,1.0013909470289946,12,6,1160.8005,4026.876,0.4,0.3333333333333333,2.0,12,0.0,0.0791015625,0.126953125,1,0,1141,529,433,0,0,0,0,0,0,0.33305578685091713,0.08326394670894287,99.41715237300711,0.16652789343303137,0.0,0.0,0.0,0.0,0.0,0.039999999999054126,0.009999999999308784,11.93999999947846,0.020000000000436557,0.0,0.0,0.0,0.0,0.0,12.009999999477259,,
1769029697.9955778,860858.280632037,1.0014231209643185,12,6,1001.866,1800.665,0.3,0.4166666666666667,2.0,12,0.0,0.0791015625,0.126953125,1,0,891,523,484,0,0,0,0,0,0,0.16666666665787488,0.16666666665787488,99.66666666668425,0.0,0.0,0.0,0.0,0.0,0.0,0.020000000000436557,0.020000000000436557,11.96000000089407,0.0,0.0,0.0,0.0,0.0,0.0,12.000000000894943,,
1769029698.9975424,860859.282381391,1.0012078720610589,12,6,1204.8505833333334,3720.338,0.2,0.25,1.0,12,0.0,0.0791015625,0.126953125,1,0,834,477,383,0,0,0,0,0,0,0.16666666666098234,0.08333333333049117,99.75000000000853,0.0,0.0,0.0,0.0,0.0,0.0,0.020000000000436557,0.010000000000218279,11.970000000670552,0.0,0.0,0.0,0.0,0.0,0.0,12.000000000671207,,
1769029699.9992702,860860.284292678,1.0013914060546085,12,6,1013.0288333333333,2249.256,0.3,0.5,2.0,12,0.0,0.0791015625,0.126953125,1,0,889,524,420,0,0,0,0,0,0,0.16652789344231295,0.16652789343474014,99.66694421312295,0.0,0.0,0.0,0.0,0.0,0.0,0.020000000000436557,0.019999999999527063,11.969999998807907,0.0,0.0,0.0,0.0,0.0,0.0,12.00999999880787,,
1769029701.001179,860861.286215196,1.0014052239712328,12,6,1015.6321666666668,2683.547,0.2,0.16666666666666666,1.0,12,0.0,0.0791015625,0.126953125,1,0,813,431,339,0,0,0,0,0,0,0.08333333333204489,0.08333333333204489,99.8333333333359,0.0,0.0,0.0,0.0,0.0,0.0,0.010000000000218279,0.010000000000218279,11.980000000447035,0.0,0.0,0.0,0.0,0.0,0.0,12.000000000447471,,
1769029702.003104,860862.288125285,1.001390234916471,12,6,1135.26125,2600.473,0.2,0.16666666666666666,1.0,12,0.0,0.07763671875,0.1259765625,1,0,648,289,225,0,0,0,0,0,0,0.1663893510669517,0.08319467554104236,99.75041597339201,0.0,0.0,0.0,0.0,0.0,0.0,0.019999999998617568,0.010000000000218279,11.990000000223517,0.0,0.0,0.0,0.0,0.0,0.0,12.020000000222353,,
1769029703.0050104,860863.290057721,1.0014163960004225,12,6,1236.05075,2913.33,0.3,0.25,1.0,12,0.0,0.07763671875,0.1259765625,1,0,900,471,359,0,0,0,0,0,0,0.16666666666099494,0.08333333332291835,99.75000000001609,0.0,0.0,0.0,0.0,0.0,0.0,0.020000000000436557,0.009999999999308784,11.970000000670552,0.0,0.0,0.0,0.0,0.0,0.0,12.000000000670298,,
1769029704.0069745,860864.292015503,1.0014099570689723,12,6,1208.9110833333334,2940.845,0.2,0.08333333333333333,1.0,12,0.0,0.07763671875,0.1259765625,1,0,872,492,368,0,0,0,0,0,0,0.0833333333434262,0.1666666666868524,99.74999999996972,0.0,0.0,0.0,0.0,0.0,0.0,0.010000000000218279,0.020000000000436557,11.969999998807907,0.0,0.0,0.0,0.0,0.0,0.0,11.999999998808562,,
1769029705.0089474,860865.293984932,1.0014064860297367,12,6,1464.2183333333332,3186.565,0.2,0.5833333333333334,2.0,12,0.0,0.07763671875,0.1259765625,1,0,777,517,356,0,0,0,0,0,0,0.1665278934195756,0.0832639467097878,99.75020815987064,0.0,0.0,0.0,0.0,0.0,0.0,0.020000000000436557,0.010000000000218279,11.980000000447035,0.0,0.0,0.0,0.0,0.0,0.0,12.01000000044769,,
1769029706.0109277,860866.295961217,1.0014025680720806,12,6,1203.997,3234.364,0.2,0.08333333333333333,1.0,12,0.0,0.07763671875,0.1259765625,1,0,867,483,349,0,0,0,0,0,0,0.08333333333205119,0.08333333332447208,99.83333333334348,0.0,0.0,0.0,0.0,0.0,0.0,0.010000000000218279,0.009999999999308784,11.980000000447035,0.0,0.0,0.0,0.0,0.0,0.0,12.000000000446562,,
1769029707.012879,860867.297928303,1.0014183960156515,12,6,1265.3298333333335,2907.615,0.2,0.16666666666666666,1.0,12,0.0,0.076171875,0.125,1,0,761,316,239,0,0,0,0,0,0,0.16638935108963868,0.08319467555238584,99.66722129780558,0.08319467555238584,0.0,0.0,0.0,0.0,0.0,0.019999999998617568,0.010000000000218279,11.97999999858439,0.010000000000218279,0.0,0.0,0.0,0.0,0.0,12.019999998583444,,
1769029708.0148523,860868.299885146,1.0014017500216141,12,6,1012.91,3190.822,0.3,0.4166666666666667,2.0,12,0.0,0.076171875,0.125,1,0,906,555,442,0,0,0,0,0,0,0.16666666665787488,0.16666666665787488,99.66666666668425,0.0,0.0,0.0,0.0,0.0,0.0,0.020000000000436557,0.020000000000436557,11.96000000089407,0.0,0.0,0.0,0.0,0.0,0.0,12.000000000894943,,
1769029709.0168295,860869.301844813,1.0013843839988112,12,6,1482.9059166666666,3609.494,0.5,0.25,1.0,12,0.0,0.076171875,0.125,1,0,1276,799,572,0,0,0,0,0,0,0.16638935109856784,0.2495840266402852,99.50083194671365,0.0,0.0,0.0831946755475105,0.0,0.0,0.0,0.020000000000436557,0.02999999999974534,11.959999999031425,0.0,0.0,0.010000000000005116,0.0,0.0,0.0,12.019999999031612,,
1769029710.0187554,860870.303753841,1.0013673019129783,12,6,1255.1382499999997,2709.075,0.5,0.5,2.0,12,0.0,0.076171875,0.125,1,0,1723,788,625,0,0,0,0,0,0,0.33361134273427107,0.16680567136713553,99.4995829858986,0.0,0.0,0.0,0.0,0.0,0.0,0.039999999999054126,0.019999999999527063,11.930000001564622,0.0,0.0,0.0,0.0,0.0,0.0,11.990000001563203,,
1769029711.0206857,860871.305716722,1.0013999370858073,12,6,1250.9572500000002,3053.915,0.3,0.25,1.0,12,0.0,0.076171875,0.125,1,0,947,531,412,0,0,0,0,0,0,0.1666666666868524,0.0833333333434262,99.74999999996972,0.0,0.0,0.0,0.0,0.0,0.0,0.020000000000436557,0.010000000000218279,11.969999998807907,0.0,0.0,0.0,0.0,0.0,0.0,11.999999998808562,,
1769029712.0226772,860872.307701637,1.0013935019960627,12,6,895.4761666666667,1849.286,0.2,0.16666666666666666,1.0,12,0.0,0.07470703125,0.1240234375,1,0,793,332,279,0,0,0,0,0,0,0.08326394670720258,0.16652789341440516,98.9175686928215,0.8326394670568801,0.0,0.0,0.0,0.0,0.0,0.010000000000218279,0.020000000000436557,11.880000000819564,0.1000000000003638,0.0,0.0,0.0,0.0,0.0,12.010000000820582,,
1769029713.0246327,860873.309752031,1.001488390029408,12,6,1068.2940833333334,2541.286,0.3,0.4166666666666667,2.0,12,0.0,0.07470703125,0.1240234375,1,0,906,512,426,0,0,0,0,0,0,0.1666666666837576,0.16666666667617847,99.66666666664007,0.0,0.0,0.0,0.0,0.0,0.0,0.020000000000436557,0.019999999999527063,11.959999999031425,0.0,0.0,0.0,0.0,0.0,0.0,11.999999999031388,,
1769029714.026693,860874.311737777,1.0014135079691187,12,6,1065.1040833333334,3594.131,0.3,0.08333333333333333,1.0,12,0.0,0.07470703125,0.1240234375,1,0,950,514,422,0,0,0,0,0,0,0.16638935107896244,0.16638935107896244,99.66722129784208,0.0,0.0,0.0,0.0,0.0,0.0,0.020000000000436557,0.020000000000436557,11.980000000447035,0.0,0.0,0.0,0.0,0.0,0.0,12.020000000447908,,
1769029715.0286524,860875.313173559,1.0008900720858946,12,6,1233.0429166666665,2882.714,0.3,0.5750000000000001,2.9,12,0.0,0.07470703125,0.1240234375,1,0,849,482,407,0,0,0,0,0,0,0.16666666664275454,0.16666666665033364,99.66666666670692,0.0,0.0,0.0,0.0,0.0,0.0,0.019999999998617568,0.019999999999527063,11.96000000089407,0.0,0.0,0.0,0.0,0.0,0.0,12.000000000892214,,
1769029716.0300572,860876.315067409,1.0013792800018564,12,6,1216.9750000000001,3050.242,0.2,0.25,1.0,12,0.0,0.07470703125,0.1240234375,1,0,902,542,401,0,0,0,0,0,0,0.1665278934454026,0.0832639467227013,99.7502081598319,0.0,0.0,0.0,0.0,0.0,0.0,0.020000000000436557,0.010000000000218279,11.97999999858439,0.0,0.0,0.0,0.0,0.0,0.0,12.009999998585045,,
1769029806.955262,860967.239279897,1.000385095947422,12,6,800.4455000000002,802.269,5.1,5.325,54.0,12,0.068359375,0.080078125,0.1171875,1,0,1410,1737,742,0,0,0,0,0,0,0.5838198498796975,4.503753127661803,94.57881567966143,0.33361134279706767,0.0,0.0,0.0,0.0,0.0,0.06999999999970896,0.5399999999999636,11.339999999850988,0.040000000000873115,0.0,0.0,0.0,0.0,0.0,11.989999999851534,,
1769029807.9564486,860968.241273521,1.0011934449430555,12,6,939.1940833333333,2045.519,0.7,0.6666666666666666,2.0,12,0.068359375,0.080078125,0.1171875,3,0,1827,1065,831,0,0,0,0,0,0,0.41631973356700397,0.33305578684603043,99.25062447958697,0.0,0.0,0.0,0.0,0.0,0.0,0.050000000001091394,0.03999999999996362,11.919999999925494,0.0,0.0,0.0,0.0,0.0,0.0,12.00999999992655,,
1769029808.9582126,860969.243076682,1.0012328979792073,12,6,1623.8222500000002,4226.324,0.3,0.3333333333333333,3.0,12,0.068359375,0.080078125,0.1171875,1,0,983,718,548,0,0,0,0,0,0,0.25020850709509934,0.08340283570342341,99.66638865720148,0.0,0.0,0.0,0.0,0.0,0.0,0.029999999998835847,0.010000000000218279,11.949999999254942,0.0,0.0,0.0,0.0,0.0,0.0,11.989999999253996,,
1769029809.9599824,860970.244933936,1.0013207190204412,12,6,1559.702,3246.2,0.4,0.5,2.0,12,0.068359375,0.080078125,0.1171875,1,0,1433,755,653,0,0,0,0,0,0,0.25020850710558235,0.16680567139613608,99.58298582149828,0.0,0.0,0.0,0.0,0.0,0.0,0.030000000000654836,0.019999999999527063,11.93999999947846,0.0,0.0,0.0,0.0,0.0,0.0,11.989999999478641,,
1769029810.9618263,860971.246805021,1.0013476849999279,12,6,1262.9640833333335,3558.186,0.7,0.5833333333333334,2.0,12,0.068359375,0.080078125,0.1171875,1,0,1656,1910,733,0,0,0,0,0,0,0.16652789342163432,0.49958368025733013,98.41798501251908,0.832639467093026,0.0,0.08326394670892397,0.0,0.0,0.0,0.020000000000436557,0.06000000000040018,11.820000000298023,0.1000000000003638,0.0,0.009999999999990905,0.0,0.0,0.0,12.010000000299215,,
1769029811.9637046,860972.248649404,1.0013136840425432,12,6,1036.3489166666666,3361.39,0.3,0.16666666666666666,1.0,12,0.0625,0.07861328125,0.1162109375,1,0,1020,592,446,0,0,0,0,0,0,0.1666666666578875,0.16666666665030838,99.66666666669181,0.0,0.0,0.0,0.0,0.0,0.0,0.020000000000436557,0.019999999999527063,11.96000000089407,0.0,0.0,0.0,0.0,0.0,0.0,12.000000000894033,,
1769029812.9655478,860973.250577342,1.0013984530232847,12,6,1365.6407499999998,4225.987,6.6,6.808333333333334,31.0,12,0.0625,0.07861328125,0.1162109375,1,0,3383,3152,1476,0,0,0,0,0,0,5.4166666671009525,1.0833333334217063,93.41666666613723,0.0,0.0,0.08333333334010393,0.0,0.0,0.0,0.6499999999996362,0.13000000000010914,11.209999999031425,0.0,0.0,0.010000000000005116,0.0,0.0,0.0,11.999999999031175,,
1769029813.9674857,860974.252524161,1.0014074940700084,12,6,1213.62125,4213.681,2.1,2.2666666666666666,20.2,12,0.0625,0.07861328125,0.1162109375,1,0,2151,1228,761,0,0,0,0,0,0,1.918265220978113,0.16680567139335878,97.91492910762852,0.0,0.0,0.0,0.0,0.0,0.0,0.22999999999956344,0.020000000000436557,11.740000000223517,0.0,0.0,0.0,0.0,0.0,0.0,11.990000000223517,,
1769029814.9694388,860975.254479511,1.0014098869869485,12,6,1163.0957500000002,2937.023,0.3,0.3333333333333333,2.0,12,0.0625,0.07861328125,0.1162109375,1,0,819,452,317,0,0,0,0,0,0,0.08333333332894376,0.24999999997925215,99.66666666669181,0.0,0.0,0.0,0.0,0.0,0.0,0.010000000000218279,0.02999999999974534,11.96000000089407,0.0,0.0,0.0,0.0,0.0,0.0,12.000000000894033,,
1769029815.971407,860976.256488751,1.0014507620362565,12,6,956.7420000000001,2482.266,0.2,0.25,1.0,12,0.0625,0.07861328125,0.1162109375,1,0,838,462,342,0,0,0,0,0,0,0.1665278934454026,0.0832639467227013,99.7502081598319,0.0,0.0,0.0,0.0,0.0,0.0,0.020000000000436557,0.010000000000218279,11.97999999858439,0.0,0.0,0.0,0.0,0.0,0.0,12.009999998585045,,
1769029816.9734068,860977.258453734,1.001416055019945,12,6,948.7871666666666,2023.659,0.3,0.25,1.0,12,0.05712890625,0.0771484375,0.115234375,1,0,1357,1557,348,0,0,0,0,0,0,0.08333333332688476,0.24999999997307518,98.16666666686159,1.499999999838451,0.0,0.0,0.0,0.0,0.0,0.010000000000218279,0.02999999999974534,11.780000001192093,0.17999999999847205,0.0,0.0,0.0,0.0,0.0,12.000000001190529,,
1769029817.9753613,860978.260431783,1.0014394799945876,12,6,809.2349166666667,910.819,0.3,0.08333333333333333,1.0,12,0.05712890625,0.0771484375,0.115234375,1,0,830,482,359,0,0,0,0,0,0,0.1666666666717194,0.08333333334343883,99.74999999998484,0.0,0.0,0.0,0.0,0.0,0.0,0.019999999998617568,0.010000000000218279,11.969999998807907,0.0,0.0,0.0,0.0,0.0,0.0,11.999999998806743,,
1769029818.97734,860979.262392176,1.0014213420217857,12,6,898.92225,1955.668,0.4,0.5833333333333334,1.0,12,0.05712890625,0.0771484375,0.115234375,1,0,1043,582,457,0,0,0,0,0,0,0.2497918401200755,0.16652789340581087,99.58368026647412,0.0,0.0,0.0,0.0,0.0,0.0,0.030000000000654836,0.019999999999527063,11.96000000089407,0.0,0.0,0.0,0.0,0.0,0.0,12.010000000894252,,
1769029819.9793022,860980.264351053,1.0014179541030899,12,6,1150.4911666666667,2107.608,0.3,0.08333333333333333,1.0,12,0.05712890625,0.0771484375,0.115234375,1,0,1013,574,443,0,0,0,0,0,0,0.16652789341647334,0.16652789341647334,99.66694421316706,0.0,0.0,0.0,0.0,0.0,0.0,0.020000000000436557,0.020000000000436557,11.970000000670552,0.0,0.0,0.0,0.0,0.0,0.0,12.010000000671425,,
1769029820.981268,860981.266315279,1.0014164349995553,12,6,979.4925,2765.538,0.2,0.3333333333333333,1.0,12,0.05712890625,0.0771484375,0.115234375,1,0,802,371,287,0,0,0,0,0,0,0.1665278934302822,0.08326394672271392,99.750208159847,0.0,0.0,0.0,0.0,0.0,0.0,0.019999999998617568,0.010000000000218279,11.97999999858439,0.0,0.0,0.0,0.0,0.0,0.0,12.009999998583226,,
1769029821.98324,860982.268302608,1.0014315870357677,12,6,1070.2375,2601.936,0.2,0.16666666666666666,1.0,12,0.05224609375,0.07568359375,0.1142578125,1,0,815,293,246,0,0,0,0,0,0,0.08333333332946166,0.08333333332188254,99.00000000006919,0.8333333332794584,0.0,0.0,0.0,0.0,0.0,0.010000000000218279,0.009999999999308784,11.880000000819564,0.1000000000003638,0.0,0.0,0.0,0.0,0.0,12.000000000819455,,
1769029822.9852111,860983.270262857,1.0014207999920473,12,6,919.85475,2238.257,0.3,0.3333333333333333,2.0,12,0.05224609375,0.07568359375,0.1142578125,1,0,855,490,390,0,0,0,0,0,0,0.16680567140993416,0.08340283570496708,99.7497914928851,0.0,0.0,0.0,0.0,0.0,0.0,0.020000000000436557,0.010000000000218279,11.959999999031425,0.0,0.0,0.0,0.0,0.0,0.0,11.98999999903208,,
1769029823.98717,860984.272234147,1.0014332019491121,12,6,1196.6611666666665,2364.231,0.3,0.25,1.0,12,0.05224609375,0.07568359375,0.1142578125,1,0,845,487,373,0,0,0,0,0,0,0.1662510390736447,0.1662510390736447,99.08561928511007,0.581878636742636,0.0,0.0,0.0,0.0,0.0,0.020000000000436557,0.020000000000436557,11.919999999925494,0.06999999999970896,0.0,0.0,0.0,0.0,0.0,12.029999999926076,,
1769029824.989138,860985.274243682,1.0014747260138392,12,6,857.4767499999999,1489.721,0.3,0.5833333333333334,1.0,12,0.05224609375,0.07568359375,0.1142578125,1,0,827,453,339,0,0,0,0,0,0,0.16652789341648594,0.1665278934089131,99.6669442131746,0.0,0.0,0.0,0.0,0.0,0.0,0.020000000000436557,0.019999999999527063,11.970000000670552,0.0,0.0,0.0,0.0,0.0,0.0,12.010000000670516,,
1769029825.991155,860986.276204982,1.001418970990926,12,6,1031.865,2676.575,0.2,0.08333333333333333,1.0,12,0.05224609375,0.07568359375,0.1142578125,1,0,811,458,355,0,0,0,0,0,0,0.08333333331689927,0.08333333333205752,99.83333333335105,0.0,0.0,0.0,0.0,0.0,0.0,0.00999999999839929,0.010000000000218279,11.980000000447035,0.0,0.0,0.0,0.0,0.0,0.0,12.000000000445652,,
1769029826.9931087,860987.278156674,1.0014168600318953,12,6,1001.9880833333333,2023.784,0.2,0.25,1.0,12,0.0478515625,0.07421875,0.11328125,1,0,755,247,185,0,0,0,0,0,0,0.16652789341750743,0.08326394670875371,99.00083263951011,0.7493755203636377,0.0,0.0,0.0,0.0,0.0,0.020000000000436557,0.010000000000218279,11.890000000596046,0.09000000000014552,0.0,0.0,0.0,0.0,0.0,12.010000000596847,,
1769029827.9950688,860988.280125852,1.001426234957762,12,6,1025.9641666666666,1807.848,0.5,0.3333333333333333,1.0,12,0.0478515625,0.07421875,0.11328125,1,0,918,585,431,0,0,0,0,0,0,0.24958402664785173,0.1663893510910013,99.50083194671365,0.0,0.0,0.0831946755475105,0.0,0.0,0.0,0.030000000000654836,0.019999999999527063,11.959999999031425,0.0,0.0,0.010000000000005116,0.0,0.0,0.0,12.019999999031612,,
1769029828.9970324,860989.281373793,1.0007104229880497,12,6,930.7190833333334,1772.489,0.3,0.3333333333333333,2.0,12,0.0478515625,0.07421875,0.11328125,1,0,908,572,402,0,0,0,0,0,0,0.25020850711023224,0.08340283570341075,99.66638865718636,0.0,0.0,0.0,0.0,0.0,0.0,0.030000000000654836,0.010000000000218279,11.949999999254942,0.0,0.0,0.0,0.0,0.0,0.0,11.989999999255815,,
1769029829.9982853,860990.283328577,1.00141226593405,12,6,800.0,800.0,0.3,0.25,1.0,12,0.0478515625,0.07421875,0.11328125,1,0,1092,627,512,0,0,0,0,0,0,0.1666666666427419,0.16666666665790014,99.66666666669936,0.0,0.0,0.0,0.0,0.0,0.0,0.019999999998617568,0.020000000000436557,11.96000000089407,0.0,0.0,0.0,0.0,0.0,0.0,12.000000000893124,,
1769029831.0002458,860991.285295959,1.0014190890360624,12,6,1260.4633333333334,3328.048,0.3,0.5,1.0,12,0.0478515625,0.07421875,0.11328125,1,0,1284,586,412,0,0,0,0,0,0,0.24999999998683128,0.08333333332136464,99.66666666669181,0.0,0.0,0.0,0.0,0.0,0.0,0.030000000000654836,0.009999999999308784,11.96000000089407,0.0,0.0,0.0,0.0,0.0,0.0,12.000000000894033,,
1769029832.002221,860992.28728248,1.0014304920332506,12,6,832.5144999999999,1190.174,0.2,0.25,2.0,12,0.0439453125,0.07275390625,0.1123046875,1,0,831,340,256,0,0,0,0,0,0,0.16652789344023217,0.08326394672011608,98.91756869265363,0.8326394671860151,0.0,0.0,0.0,0.0,0.0,0.020000000000436557,0.010000000000218279,11.879999998956919,0.1000000000003638,0.0,0.0,0.0,0.0,0.0,12.009999998957937,,
1769029833.0041933,860993.289245936,1.001421676017344,12,6,1292.9704166666668,3107.791,0.4,0.5,2.0,12,0.0439453125,0.07275390625,0.1123046875,1,0,784,447,389,0,0,0,0,0,0,0.1663893510607701,0.24958402660628815,99.58402662233294,0.0,0.0,0.0,0.0,0.0,0.0,0.019999999998617568,0.02999999999974534,11.970000000670552,0.0,0.0,0.0,0.0,0.0,0.0,12.020000000668915,,
1769029834.0061493,860994.291199544,1.001419035019353,12,6,1316.0953333333334,2914.152,0.3,0.25,1.0,12,0.0439453125,0.07275390625,0.1123046875,1,0,878,468,372,0,0,0,0,0,0,0.1665278934454026,0.0832639467227013,99.7502081598319,0.0,0.0,0.0,0.0,0.0,0.0,0.020000000000436557,0.010000000000218279,11.97999999858439,0.0,0.0,0.0,0.0,0.0,0.0,12.009999998585045,,
1769029835.008103,860995.293164821,1.0014308789977804,12,6,1089.1785,2568.603,0.2,0.3333333333333333,1.0,12,0.0439453125,0.07275390625,0.1123046875,1,0,782,479,318,0,0,0,0,0,0,0.08333333333049117,0.16666666666098234,99.75000000000853,0.0,0.0,0.0,0.0,0.0,0.0,0.010000000000218279,0.020000000000436557,11.970000000670552,0.0,0.0,0.0,0.0,0.0,0.0,12.000000000671207,,
1769029836.0100746,860996.295119749,1.0014142179861665,12,6,1275.29,3606.589,0.2,0.16666666666666666,1.0,12,0.0439453125,0.07275390625,0.1123046875,1,0,858,495,359,0,0,0,0,0,0,0.16666666666099494,0.08333333332291835,99.75000000001609,0.0,0.0,0.0,0.0,0.0,0.0,0.020000000000436557,0.009999999999308784,11.970000000670552,0.0,0.0,0.0,0.0,0.0,0.0,12.000000000670298,,
1769029896.1437807,861056.428697423,1.0012832479551435,12,6,895.7928333333333,1951.211,5.0,4.958333333333333,54.5,12,0.01416015625,0.05615234375,0.1005859375,1,0,1371,1714,848,0,0,0,0,0,0,0.5838198498434721,4.420350291688258,94.99582985846827,0.0,0.0,0.0,0.0,0.0,0.0,0.06999999999970896,0.5299999999997453,11.390000000596046,0.0,0.0,0.0,0.0,0.0,0.0,11.9900000005955,,
1769029897.1459427,861057.429936746,1.0003626310499385,12,6,1447.3852500000003,3845.257,0.4,0.5833333333333334,2.0,12,0.0126953125,0.05517578125,0.099609375,1,0,1359,598,516,0,0,0,0,0,0,0.3333333333461673,0.08333333334033138,99.5833333333135,0.0,0.0,0.0,0.0,0.0,0.0,0.039999999999054126,0.010000000000218279,11.949999999254942,0.0,0.0,0.0,0.0,0.0,0.0,11.999999999254214,,
1769029898.146896,861058.431869854,1.001342465984635,12,6,1152.67325,3008.492,0.3,0.16666666666666666,1.0,12,0.0126953125,0.05517578125,0.099609375,2,0,1014,590,524,0,0,0,0,0,0,0.16652789343404023,0.24979184014348754,98.75104079926741,0.8326394671550555,0.0,0.0,0.0,0.0,0.0,0.020000000000436557,0.02999999999974534,11.859999999403954,0.1000000000003638,0.0,0.0,0.0,0.0,0.0,12.0099999994045,,
1769029899.1488063,861059.433285198,1.0008477510418743,12,6,1729.01425,4275.704,0.3,0.25,1.0,12,0.0126953125,0.05517578125,0.099609375,2,0,866,438,341,0,0,0,0,0,0,0.16666666666098234,0.08333333333049117,99.75000000000853,0.0,0.0,0.0,0.0,0.0,0.0,0.020000000000436557,0.010000000000218279,11.970000000670552,0.0,0.0,0.0,0.0,0.0,0.0,12.000000000671207,,
1769029900.15021,861060.434180774,1.000339905032888,12,6,991.6304999999999,2660.441,0.4,0.75,2.0,12,0.0126953125,0.05517578125,0.099609375,1,0,988,818,573,0,0,0,0,0,0,0.16680567140372154,0.25020850709799686,99.58298582149828,0.0,0.0,0.0,0.0,0.0,0.0,0.020000000000436557,0.02999999999974534,11.93999999947846,0.0,0.0,0.0,0.0,0.0,0.0,11.989999999478641,,
1769029901.1510751,861061.436139489,1.0014334779698402,12,6,1170.26275,3793.023,0.4,0.25,1.0,12,0.0126953125,0.05517578125,0.099609375,2,0,1133,1173,718,0,0,0,0,0,0,0.0832639466915603,0.24979184011254496,99.58368026649096,0.0,0.0,0.08326394670493105,0.0,0.0,0.0,0.00999999999839929,0.02999999999974534,11.96000000089407,0.0,0.0,0.010000000000005116,0.0,0.0,0.0,12.01000000089222,,
1769029913.5098972,861073.794780042,1.0012497360585257,12,6,1411.8646666666666,3732.269,6.7,6.891666666666667,54.5,12,0.00927734375,0.05224609375,0.0966796875,1,0,2288,2250,1214,0,0,0,0,0,0,2.251876563889728,4.420350292107931,93.32777314400235,0.0,0.0,0.0,0.0,0.0,0.0,0.26999999999861757,0.5300000000006548,11.18999999947846,0.0,0.0,0.0,0.0,0.0,0.0,11.989999999477732,,
1769029914.511986,861074.796877655,1.0012601999333128,12,6,1462.3446666666666,3477.777,2.1,1.9000000000000001,19.8,12,0.00927734375,0.05224609375,0.0966796875,1,0,1811,1064,753,0,0,0,0,0,0,1.8333333333428958,0.24999999999785888,97.91666666665925,0.0,0.0,0.0,0.0,0.0,0.0,0.22000000000116415,0.02999999999974534,11.75,0.0,0.0,0.0,0.0,0.0,0.0,12.00000000000091,,
1769029915.5138233,861075.798864093,1.0014096290105954,12,6,1483.0753333333332,3657.336,2.2,2.1,21.2,12,0.00927734375,0.05224609375,0.0966796875,1,0,1822,1262,827,0,0,0,0,0,0,2.0033388980497677,0.16694490816701804,97.82971619378321,0.0,0.0,0.0,0.0,0.0,0.0,0.23999999999978172,0.019999999999527063,11.720000000670552,0.0,0.0,0.0,0.0,0.0,0.0,11.980000000669861,,
1769029916.5157979,861076.800459214,1.0010304170427844,12,6,1176.7550833333332,4522.713,3.3,3.3333333333333335,17.0,12,0.00927734375,0.05224609375,0.0966796875,1,0,2019,1409,816,0,0,0,0,0,0,3.1719532554586363,0.0834724540930146,96.74457429044836,0.0,0.0,0.0,0.0,0.0,0.0,0.37999999999919964,0.010000000000218279,11.589999999850988,0.0,0.0,0.0,0.0,0.0,0.0,11.979999999850406,,
1769029917.517339,861077.802261829,1.001291831023991,12,6,2760.1241666666665,4484.459,2.0,2.0,6.9,12,0.0888671875,0.068359375,0.1015625,2,0,1887,1109,882,0,0,0,0,0,0,1.6652789342894294,0.3330557868563713,98.0016652788542,0.0,0.0,0.0,0.0,0.0,0.0,0.2000000000007276,0.03999999999996362,11.769999999552965,0.0,0.0,0.0,0.0,0.0,0.0,12.009999999553656,,
1769189046.4065464,1020206.6914854,1.0013063609367236,12,6,953.2761666666667,1938.097,0.3,0.16666666666666666,1.0,12,0.20361328125,0.24365234375,0.11083984375,2,0,973,626,487,0,0,0,0,0,0,0.1666666666578875,0.16666666665030838,99.66666666669181,0.0,0.0,0.0,0.0,0.0,0.0,0.020000000000436557,0.019999999999527063,11.96000000089407,0.0,0.0,0.0,0.0,0.0,0.0,12.000000000894033,,
1769189047.4086206,1020207.69357472,1.001322739990428,12,6,1047.7025833333332,3319.765,0.5,0.4166666666666667,2.0,12,0.20361328125,0.24365234375,0.11083984375,2,0,1088,896,660,0,0,0,0,0,0,0.2500000000011748,0.250000000016333,99.49999999998249,0.0,0.0,0.0,0.0,0.0,0.0,0.029999999998835847,0.030000000000654836,11.93999999947846,0.0,0.0,0.0,0.0,0.0,0.0,11.99999999947795,,
1769189048.4105213,1020208.695453318,1.0013009459944442,12,6,1605.59675,3642.087,0.4,0.4166666666666667,1.0,12,0.20361328125,0.24365234375,0.11083984375,1,0,1227,728,546,0,0,0,0,0,0,0.33333333336130033,0.08333333333274595,99.58333333330596,0.0,0.0,0.0,0.0,0.0,0.0,0.040000000000873115,0.009999999999308784,11.949999999254942,0.0,0.0,0.0,0.0,0.0,0.0,11.999999999255124,,
1769189049.4123483,1020209.697417341,1.0014382760273293,12,6,1525.8584166666667,4170.31,0.5,0.5833333333333334,2.0,12,0.18701171875,0.2392578125,0.10986328125,1,0,1058,752,611,0,0,0,0,0,0,0.1665278934102814,0.33305578681299003,99.50041631977673,0.0,0.0,0.0,0.0,0.0,0.0,0.020000000000436557,0.03999999999996362,11.950000001117587,0.0,0.0,0.0,0.0,0.0,0.0,12.010000001117987,,
1769189050.4142978,1020210.699278257,1.0013494410086423,12,6,1674.9975000000002,4413.615,0.5,0.6666666666666666,2.0,12,0.18701171875,0.2392578125,0.10986328125,1,3,1053,695,546,0,0,0,0,0,0,0.33361134278607224,0.16680567140062158,99.4995829858133,0.0,0.0,0.0,0.0,0.0,0.0,0.039999999999054126,0.020000000000436557,11.929999999701977,0.0,0.0,0.0,0.0,0.0,0.0,11.989999999701467,,
1769189051.4455123,1020211.730640837,1.0014969799667597,12,6,972.4895833333334,2869.705,0.2,0.25,1.0,12,0.18701171875,0.2392578125,0.10986328125,3,0,903,325,257,0,0,0,0,0,0,0.16181229774205763,0.08090614887102882,98.54368932035091,1.2135922330359987,0.0,0.0,0.0,0.0,0.0,0.020000000000436557,0.010000000000218279,12.179999999701977,0.1499999999996362,0.0,0.0,0.0,0.0,0.0,12.359999999702268,,
1769189052.4475822,1020212.732523689,1.0013103040400892,12,6,1013.3905,2587.063,0.5,0.5833333333333334,2.0,12,0.18701171875,0.2392578125,0.10986328125,2,0,1002,701,528,0,0,0,0,0,0,0.24979184015416264,0.24979184014658984,99.50041631969924,0.0,0.0,0.0,0.0,0.0,0.0,0.030000000000654836,0.02999999999974534,11.949999999254942,0.0,0.0,0.0,0.0,0.0,0.0,12.009999999255342,,
1769189053.449467,1020213.734417279,1.001319139963016,12,6,1324.1825000000001,3331.286,4.5,4.491666666666666,30.0,12,0.18701171875,0.2392578125,0.10986328125,1,0,3847,2102,1286,0,0,0,0,0,0,4.1666666662785525,0.33333333330198106,95.41666666709207,0.08333333332739004,0.0,0.0,0.0,0.0,0.0,0.5,0.03999999999996362,11.450000001117587,0.010000000000218279,0.0,0.0,0.0,0.0,0.0,12.000000001117769,,
1769189054.4513206,1020214.736298146,1.001346617937088,12,6,1985.1052499999998,4577.267,4.1,4.083333333333333,38.0,12,0.25244140625,0.251953125,0.11474609375,2,0,3118,1835,1214,0,0,0,0,0,0,3.833333333397819,0.25000000000255795,95.91666666659962,0.0,0.0,0.0,0.0,0.0,0.0,0.4599999999991269,0.02999999999974534,11.509999999776483,0.0,0.0,0.0,0.0,0.0,0.0,11.999999999775355,,
1769189055.4531994,1020215.738155985,1.0013254589866847,12,6,2475.671083333333,4577.818,2.2,2.0166666666666666,19.2,12,0.25244140625,0.251953125,0.11474609375,2,1,2175,1258,954,0,0,0,0,0,0,2.0016680568363454,0.1668056714068215,97.5813177646466,0.25020850711023224,0.0,0.0,0.0,0.0,0.0,0.23999999999978172,0.020000000000436557,11.699999999254942,0.030000000000654836,0.0,0.0,0.0,0.0,0.0,11.989999999255815,,
1769189056.455061,1020216.73922842,1.000536012928933,12,6,2865.4460833333337,4103.805,3.3,3.233333333333333,19.8,12,0.25244140625,0.251953125,0.11474609375,2,0,2126,1275,759,0,0,0,0,0,0,3.1640299750096523,0.0832639467123746,96.4196502914455,0.2497918401219782,0.0,0.0832639467104814,0.0,0.0,0.0,0.38000000000101863,0.010000000000218279,11.580000000074506,0.029999999998835847,0.0,0.009999999999990905,0.0,0.0,0.0,12.01000000007457,,
1769189057.4562328,1020217.741275867,1.0014118599938229,12,6,959.1725,2709.806,3.3,3.5,30.0,12,0.25244140625,0.251953125,0.11474609375,1,0,2436,1543,1077,0,0,0,0,0,0,3.0859049207974896,0.2502085070902533,96.66388657211226,0.0,0.0,0.0,0.0,0.0,0.0,0.36999999999898137,0.02999999999974534,11.589999999850988,0.0,0.0,0.0,0.0,0.0,0.0,11.989999999849715,,
1769189058.45817,1020218.743189427,1.001388426986523,12,6,2650.0960000000005,4357.866,5.2,5.0,40.0,12,0.25244140625,0.251953125,0.11474609375,2,0,3165,1990,1281,0,0,0,0,0,0,4.920767305661579,0.2502085070653523,94.82902418727306,0.0,0.0,0.0,0.0,0.0,0.0,0.5900000000001455,0.02999999999974534,11.370000001043081,0.0,0.0,0.0,0.0,0.0,0.0,11.990000001042972,,
1769189059.460156,1020219.745181965,1.0013945359969512,12,6,975.0255000000001,2899.023,3.3,3.25,30.0,12,0.23193359375,0.24755859375,0.11376953125,1,0,2430,1532,1046,0,0,0,0,0,0,3.0000000000978466,0.33333333334336307,96.66666666655878,0.0,0.0,0.0,0.0,0.0,0.0,0.3600000000005821,0.03999999999996362,11.599999999627471,0.0,0.0,0.0,0.0,0.0,0.0,11.999999999628017,,
1769189060.4620676,1020220.746307163,1.000608528032899,12,6,989.6393333333334,3074.893,1.9,2.0833333333333335,20.0,12,0.23193359375,0.24755859375,0.11376953125,1,2,2020,1124,726,0,0,0,0,0,0,1.8394648828345703,0.08361204013091805,97.99331103690359,0.08361204013091805,0.0,0.0,0.0,0.0,0.0,0.21999999999934516,0.010000000000218279,11.720000000670552,0.010000000000218279,0.0,0.0,0.0,0.0,0.0,11.960000000670334,,
1769189061.4928956,1020221.777970144,1.0014430319424719,12,6,1255.00075,3068.845,2.0,2.0833333333333335,15.0,12,0.23193359375,0.24755859375,0.11376953125,2,0,1818,1000,627,0,0,0,0,0,0,1.8608414239110531,0.1618122977278767,97.00647249196437,0.9708737863966936,0.0,0.0,0.0,0.0,0.0,0.22999999999956344,0.019999999999527063,11.990000000223517,0.12000000000080036,0.0,0.0,0.0,0.0,0.0,12.360000000223408,,
1769189062.4949186,1020222.779877747,1.001328025944531,12,6,1534.1655,3316.848,3.6,3.4,24.8,12,0.23193359375,0.24755859375,0.11376953125,1,0,2479,1500,819,0,0,0,0,0,0,3.3361134282412475,0.2502085071226448,96.41367806463612,0.0,0.0,0.0,0.0,0.0,0.0,0.4000000000014552,0.030000000000654836,11.559999998658895,0.0,0.0,0.0,0.0,0.0,0.0,11.989999998661006,,
1769189063.4968188,1020223.781859981,1.0014103279681876,12,6,1474.8215833333334,3706.482,2.1,2.1,19.2,12,0.23193359375,0.24755859375,0.11376953125,1,0,1996,1193,796,0,0,0,0,0,0,1.918265220978259,0.166805671385786,97.91492910763596,0.0,0.0,0.0,0.0,0.0,0.0,0.22999999999956344,0.019999999999527063,11.740000000223517,0.0,0.0,0.0,0.0,0.0,0.0,11.990000000222608,,
1769189064.4988034,1020224.78382153,1.0013869600370526,12,6,1376.0595,4070.069,2.2,2.1,20.2,12,0.212890625,0.2431640625,0.11279296875,1,0,2216,1201,788,0,0,0,0,0,0,2.001668056637441,0.16680567139024616,97.83152627197231,0.0,0.0,0.0,0.0,0.0,0.0,0.23999999999978172,0.020000000000436557,11.730000000447035,0.0,0.0,0.0,0.0,0.0,0.0,11.990000000447253,,
1769189065.5007167,1020225.785721851,1.0013741190778092,12,6,912.24025,2146.784,2.1,2.65,20.8,12,0.212890625,0.2431640625,0.11279296875,1,0,1819,1067,763,0,0,0,0,0,0,1.918265221061781,0.16680567139304878,97.41451209335844,0.5004170141867318,0.0,0.0,0.0,0.0,0.0,0.22999999999956344,0.019999999999527063,11.679999999701977,0.05999999999949068,0.0,0.0,0.0,0.0,0.0,11.989999999700558,,
1769189066.5026238,1020226.787320698,1.0010659630643204,12,6,2640.27725,4500.866,4.0,3.85,20.2,12,0.212890625,0.2431640625,0.11279296875,6,0,1824,1187,721,0,0,0,0,0,0,3.1613976703024496,0.8319467553435463,96.006655574354,0.0,0.0,0.0,0.0,0.0,0.0,0.38000000000101863,0.1000000000003638,11.540000000968575,0.0,0.0,0.0,0.0,0.0,0.0,12.020000000969958,,
1769189067.5043366,1020227.789308911,1.0013410929823294,12,6,1709.4051666666667,4600.0,3.3,2.9916666666666667,19.0,12,0.212890625,0.2431640625,0.11279296875,2,0,2333,1439,1009,0,0,0,0,0,0,2.7522935780665287,0.4170141784965376,96.74728940773777,0.0,0.0,0.0834028356991653,0.0,0.0,0.0,0.32999999999992724,0.0500000000001819,11.599999999627471,0.0,0.0,0.010000000000019327,0.0,0.0,0.0,11.9899999996276,,
1769189068.5062664,1020228.791319142,1.001421666936949,12,6,1194.1248333333335,4148.1,2.7,2.975,25.7,12,0.212890625,0.2431640625,0.11279296875,1,0,2096,1445,845,0,0,0,0,0,0,2.6622296174178013,0.08319467553863141,97.25457570704357,0.0,0.0,0.0,0.0,0.0,0.0,0.31999999999970896,0.009999999999308784,11.68999999947846,0.0,0.0,0.0,0.0,0.0,0.0,12.019999999477477,,
1769189069.5082316,1020229.793297762,1.0014349300181493,12,6,1136.0700833333333,3263.63,2.3,2.2666666666666666,20.2,12,0.19580078125,0.23876953125,0.11181640625,1,0,2098,1314,896,0,0,0,0,0,0,2.0850708922547487,0.2502085070760314,97.66472060066921,0.0,0.0,0.0,0.0,0.0,0.0,0.25,0.030000000000654836,11.71000000089407,0.0,0.0,0.0,0.0,0.0,0.0,11.990000000894725,,
1769189070.5101845,1020230.795176667,1.0013612830080092,12,6,1347.3574166666665,2761.825,2.3,2.2666666666666666,18.2,12,0.19580078125,0.23876953125,0.11181640625,2,1,2045,1272,847,0,0,0,0,0,0,2.083333333540338,0.1666666666792859,97.66666666643694,0.08333333334343251,0.0,0.0,0.0,0.0,0.0,0.25,0.019999999999527063,11.719999998807907,0.010000000000218279,0.0,0.0,0.0,0.0,0.0,11.999999998807652,,
1769189071.5391798,1020231.824215338,1.0014039969537407,12,6,928.2104166666668,2342.33,3.5,3.483333333333333,23.8,12,0.19580078125,0.23876953125,0.11181640625,1,0,2113,1375,840,0,0,0,0,0,0,3.24675324655383,0.24350649349707396,95.77922077947264,0.7305194804764573,0.0,0.0,0.0,0.0,0.0,0.3999999999996362,0.030000000000654836,11.800000000745058,0.09000000000014552,0.0,0.0,0.0,0.0,0.0,12.320000000745495,,
1769189072.5411859,1020232.826146047,1.0013288819463924,12,6,952.3274166666666,2176.574,2.5,2.433333333333333,21.2,12,0.19580078125,0.23876953125,0.11181640625,1,0,2674,1419,910,0,0,0,0,0,0,2.3313905081035124,0.16652789343163787,97.50208159846486,0.0,0.0,0.0,0.0,0.0,0.0,0.28000000000065484,0.019999999999527063,11.709999999031425,0.0,0.0,0.0,0.0,0.0,0.0,12.009999999031606,,
1769189073.543097,1020233.828040963,1.0013128659920767,12,6,1292.9639166666666,3447.781,2.0,1.9833333333333334,20.8,12,0.19580078125,0.23876953125,0.11181640625,1,0,1827,1047,607,0,0,0,0,0,0,1.9198664440340267,0.0834724540904164,97.99666110187556,0.0,0.0,0.0,0.0,0.0,0.0,0.22999999999956344,0.010000000000218279,11.740000000223517,0.0,0.0,0.0,0.0,0.0,0.0,11.9800000002233,,
1769189074.5450544,1020234.83016862,1.0014829420251772,12,6,822.3450833333333,1068.141,2.2,2.25,20.0,12,0.1796875,0.234375,0.11083984375,1,0,1953,1071,777,0,0,0,0,0,0,1.9182652209424635,0.2502085070778028,97.83152627197973,0.0,0.0,0.0,0.0,0.0,0.0,0.22999999999956344,0.02999999999974534,11.730000000447035,0.0,0.0,0.0,0.0,0.0,0.0,11.990000000446344,,
1769189075.547072,1020235.832120221,1.001417150022462,12,6,1178.5405,3111.894,2.2,2.316666666666667,20.8,12,0.1796875,0.234375,0.11083984375,1,0,1857,1164,802,0,0,0,0,0,0,2.001668056637441,0.16680567139024616,97.83152627197231,0.0,0.0,0.0,0.0,0.0,0.0,0.23999999999978172,0.020000000000436557,11.730000000447035,0.0,0.0,0.0,0.0,0.0,0.0,11.990000000447253,,
1769189088.3247974,1020248.609222889,1.0007928289705887,12,6,860.7924166666667,1530.218,5.3,5.5,57.0,12,0.1513671875,0.2265625,0.10888671875,3,0,1862,2203,1049,0,0,0,0,0,0,0.6661115737334748,4.579517069415746,94.67110741013221,0.08326394671857755,0.0,0.0,0.0,0.0,0.0,0.07999999999992724,0.5499999999992724,11.369999999180436,0.010000000000218279,0.0,0.0,0.0,0.0,0.0,12.009999999179854,,
1769189089.3263943,1020249.611290846,1.0012650020653382,12,6,1680.3410833333335,3610.708,0.5,0.4166666666666667,1.0,12,0.13916015625,0.22265625,0.10791015625,2,0,1104,542,461,0,0,0,0,0,0,0.24979184010030012,0.16652789341029717,99.50041631978614,0.0,0.0,0.08326394670325539,0.0,0.0,0.0,0.029999999998835847,0.020000000000436557,11.950000001117587,0.0,0.0,0.009999999999990905,0.0,0.0,0.0,12.01000000111685,,
1769189090.328232,1020250.613274728,1.0014116109814495,12,6,1058.4619999999998,2954.031,0.3,0.25,1.0,12,0.13916015625,0.22265625,0.10791015625,1,0,1018,703,544,0,0,0,0,0,0,0.1666666666837576,0.16666666667617847,99.66666666664007,0.0,0.0,0.0,0.0,0.0,0.0,0.020000000000436557,0.019999999999527063,11.959999999031425,0.0,0.0,0.0,0.0,0.0,0.0,11.999999999031388,,
1769189091.3301854,1020251.61425434,1.0004379180027172,12,6,1087.0716666666667,2421.57,0.3,0.25,1.0,12,0.13916015625,0.22265625,0.10791015625,1,0,959,473,348,0,0,0,0,0,0,0.16680567137883318,0.08340283568941659,98.91576313605276,0.8340283568789951,0.0,0.0,0.0,0.0,0.0,0.020000000000436557,0.010000000000218279,11.860000001266599,0.1000000000003638,0.0,0.0,0.0,0.0,0.0,11.990000001267617,,
1769189092.331146,1020252.615173988,1.0003969370154664,12,6,1700.5289999999998,3482.202,0.7,0.8250000000000001,2.9,12,0.13916015625,0.22265625,0.10791015625,1,0,1769,1058,820,0,0,0,0,0,0,0.25041736230704714,0.4173622705041535,99.3322203671888,0.0,0.0,0.0,0.0,0.0,0.0,0.030000000000654836,0.0500000000001819,11.899999998509884,0.0,0.0,0.0,0.0,0.0,0.0,11.97999999851072,,
1769189093.3320596,1020253.617161695,1.0014711200492457,12,6,975.3778333333333,2366.372,0.6,0.25,1.0,12,0.13916015625,0.22265625,0.10791015625,1,0,1476,1008,811,0,0,0,0,0,0,0.3327787021573206,0.2495840266217737,99.1680532446067,0.2495840266142072,0.0,0.0,0.0,0.0,0.0,0.039999999999054126,0.02999999999974534,11.919999999925494,0.029999999998835847,0.0,0.0,0.0,0.0,0.0,12.01999999992313,,
1769189094.3340585,1020254.618207741,1.000518205924891,12,6,2181.1096666666667,4591.401,0.3,0.4166666666666667,2.0,12,0.1279296875,0.21875,0.10693359375,2,0,928,332,275,0,0,0,0,0,0,0.08347245408418076,0.16694490816836152,99.74958263774745,0.0,0.0,0.0,0.0,0.0,0.0,0.010000000000218279,0.020000000000436557,11.950000001117587,0.0,0.0,0.0,0.0,0.0,0.0,11.980000001118242,,
1769189095.3351035,1020255.620175438,1.0014409490395337,12,6,1065.5221666666666,2485.061,0.2,0.16666666666666666,1.0,12,0.1279296875,0.21875,0.10693359375,1,0,907,448,361,0,0,0,0,0,0,0.1665278934195756,0.0832639467097878,99.75020815987064,0.0,0.0,0.0,0.0,0.0,0.0,0.020000000000436557,0.010000000000218279,11.980000000447035,0.0,0.0,0.0,0.0,0.0,0.0,12.01000000044769,,
1769189096.3370867,1020256.622139433,1.0014216620475054,12,6,922.9769166666666,2041.595,0.3,0.3333333333333333,1.0,12,0.1279296875,0.21875,0.10693359375,1,0,979,490,397,0,0,0,0,0,0,0.1665278934220221,0.1665278934295949,98.83430474597769,0.832639467170693,0.0,0.0,0.0,0.0,0.0,0.019999999998617568,0.019999999999527063,11.869999999180436,0.1000000000003638,0.0,0.0,0.0,0.0,0.0,12.009999999178945,,
1769189097.3390558,1020257.623982666,1.0012956379214302,12,6,1648.8046666666667,4371.827,5.0,5.083333333333333,27.0,12,0.1279296875,0.21875,0.10693359375,2,0,4001,3428,1413,0,0,0,0,0,0,4.670558798690257,0.4170141784550291,94.91242702285471,0.0,0.0,0.0,0.0,0.0,0.0,0.5600000000013097,0.0500000000001819,11.380000000819564,0.0,0.0,0.0,0.0,0.0,0.0,11.990000000821055,,
1769189098.3409638,1020258.62590046,1.001305525074713,12,6,2303.7050000000004,4590.21,3.3,3.3333333333333335,31.0,12,0.1279296875,0.21875,0.10693359375,2,0,2489,1425,842,0,0,0,0,0,0,3.0025020852102644,0.16680567139719896,96.83069224339253,0.0,0.0,0.0,0.0,0.0,0.0,0.3599999999987631,0.019999999999527063,11.609999999403954,0.0,0.0,0.0,0.0,0.0,0.0,11.989999999402244,,
1769189099.3428276,1020259.627269478,1.0008109679911286,12,6,1133.5875,4100.0,2.0,2.0,11.0,12,0.11767578125,0.21484375,0.10595703125,2,0,1989,1094,720,0,0,0,0,0,0,1.8379281536584673,0.16708437760807818,97.99498746873346,0.0,0.0,0.0,0.0,0.0,0.0,0.22000000000116415,0.020000000000436557,11.730000000447035,0.0,0.0,0.0,0.0,0.0,0.0,11.970000000448636,,
1769189100.3443584,1020260.629307897,1.0013182619586587,12,6,1686.398583333333,4147.544,6.2,6.166666666666667,38.0,12,0.11767578125,0.21484375,0.10595703125,1,0,3470,2295,1387,0,0,0,0,0,0,5.906821963717154,0.24958402663412432,93.84359400964873,0.0,0.0,0.0,0.0,0.0,0.0,0.7099999999991269,0.02999999999974534,11.279999999329448,0.0,0.0,0.0,0.0,0.0,0.0,12.01999999932832,,
1769189101.3462152,1020261.631348554,1.0015023410087451,12,6,1186.4808333333333,2656.902,2.2,1.9166666666666667,20.0,12,0.11767578125,0.21484375,0.10595703125,1,0,2134,1181,854,0,0,0,0,0,0,1.9198664439533417,0.16694490817249644,97.07846410702876,0.7512520867610504,0.0,0.08347245408435026,0.0,0.0,0.0,0.23000000000138243,0.020000000000436557,11.630000000819564,0.09000000000014552,0.0,0.009999999999990905,0.0,0.0,0.0,11.98000000082152,,
1769189102.3482616,1020262.633297888,1.0014052300248295,12,6,1149.8285833333332,2979.426,2.3,2.4,20.8,12,0.11767578125,0.21484375,0.10595703125,1,0,2354,1274,884,0,0,0,0,0,0,2.0850708925788224,0.2502085071073348,97.66472060031384,0.0,0.0,0.0,0.0,0.0,0.0,0.25,0.02999999999974534,11.709999999031425,0.0,0.0,0.0,0.0,0.0,0.0,11.98999999903117,,
1769189103.3502111,1020263.635119731,1.0012776569928974,12,6,2225.337666666667,4100.0,3.2,3.25,31.0,12,0.11767578125,0.21484375,0.10595703125,2,0,2671,1567,1052,0,0,0,0,0,0,3.002502085210037,0.16680567140477173,96.8306922433852,0.0,0.0,0.0,0.0,0.0,0.0,0.3599999999987631,0.020000000000436557,11.609999999403954,0.0,0.0,0.0,0.0,0.0,0.0,11.989999999403153,,
1769189104.3520873,1020264.637084774,1.0013659809483215,12,6,972.3675833333333,2464.847,3.3,3.108333333333333,33.3,12,0.10791015625,0.2109375,0.10498046875,1,0,2623,1833,1339,0,0,0,0,0,0,3.01255230112854,0.25104602509150803,96.73640167377995,0.0,0.0,0.0,0.0,0.0,0.0,0.3600000000005821,0.02999999999974534,11.56000000052154,0.0,0.0,0.0,0.0,0.0,0.0,11.950000000521868,,
1769189105.3540213,1020265.638953971,1.0013014819705859,12,6,1210.9186666666667,3278.265,2.4,2.4,21.8,12,0.10791015625,0.2109375,0.10498046875,1,0,2113,1722,1212,0,0,0,0,0,0,2.081598667660672,0.24979184011716024,97.58534554551558,0.0,0.0,0.0832639467065878,0.0,0.0,0.0,0.25,0.02999999999974534,11.720000000670552,0.0,0.0,0.010000000000019327,0.0,0.0,0.0,12.010000000670317,,
1769189106.3558922,1020266.640838743,1.0013154729967937,12,6,1307.38125,3440.763,2.5,2.4,21.8,12,0.10791015625,0.2109375,0.10498046875,1,0,2035,1632,1111,0,0,0,0,0,0,2.246256239715542,0.249584026632538,96.58901830265334,0.9151414309985836,0.0,0.0,0.0,0.0,0.0,0.27000000000043656,0.02999999999974534,11.609999999403954,0.11000000000058208,0.0,0.0,0.0,0.0,0.0,12.019999999404718,,
1769189107.3577707,1020267.642855106,1.001452700002119,12,6,1395.2624166666667,3464.81,2.6,2.9,22.8,12,0.10791015625,0.2109375,0.10498046875,1,0,2229,1755,1285,0,0,0,0,0,0,2.1684737281624447,0.33361134279363874,97.41451209334551,0.0,0.0,0.08340283569840969,0.0,0.0,0.0,0.2600000000002183,0.03999999999996362,11.679999999701977,0.0,0.0,0.009999999999990905,0.0,0.0,0.0,11.98999999970215,,
