ts_wall_s,ts_mono_s,dt_s,fs_path,fs_total_bytes,fs_used_bytes,fs_free_bytes,fs_percent,disk_read_bytes_d,disk_write_bytes_d,disk_read_count_d,disk_write_count_d,disk_read_MBps,disk_write_MBps,disk_read_iops,disk_write_iops,disk_busy_time_ms_d,proc_read_bytes_d_sum,proc_write_bytes_d_sum
1769028544.3083265,859703.591961102,,/,250375106560,142818467840,94763749376,60.1,0,0,0,0,,,,,1,,
1769028545.3096714,859704.593302995,1.001341892988421,/,250375106560,142818467840,94763749376,60.1,4096,155648,1,6,0.004090510972007603,0.15543941693628896,0.9986599052752939,5.991959431651764,8,,
1769028546.311051,859705.594682568,1.0013795730192214,/,250375106560,142818467840,94763749376,60.1,0,0,0,0,0.0,0.0,0.0,0.0,0,,
1769028547.3125005,859706.596146698,1.0014641300076619,/,250375106560,142818467840,94763749376,60.1,0,0,0,0,0.0,0.0,0.0,0.0,0,,
1769028548.3139865,859707.597619883,1.0014731850242242,/,250375106560,142818467840,94763749376,60.1,0,0,0,0,0.0,0.0,0.0,0.0,0,,
1769028549.31548,859708.599113257,1.001493374002166,/,250375106560,142818467840,94763749376,60.1,0,0,0,0,0.0,0.0,0.0,0.0,0,,
1769028550.3164852,859709.600116884,1.001003626966849,/,250375106560,142818467840,94763749376,60.1,0,16384,0,2,0.0,0.016367573062292813,0.0,1.9979947585806654,64,,
1769028551.3174324,859710.601063777,1.0009468930074945,/,250375106560,142818467840,94763749376,60.1,0,0,0,0,0.0,0.0,0.0,0.0,0,,
1769028552.3183928,859711.602024297,1.000960520002991,/,250375106560,142818467840,94763749376,60.1,0,0,0,0,0.0,0.0,0.0,0.0,0,,
1769028553.3197453,859712.603376956,1.0013526589609683,/,250375106560,142818467840,94763749376,60.1,0,0,0,0,0.0,0.0,0.0,0.0,0,,
1769028554.321166,859713.604797948,1.0014209920773283,/,250375106560,142818467840,94763749376,60.1,0,0,0,0,0.0,0.0,0.0,0.0,0,,
1769029107.7906842,860267.074318298,,/,250375106560,142818586624,94763630592,60.1,0,0,0,0,,,,,0,,
1769029108.7920067,860268.075638183,1.0013198850210756,/,250375106560,142818586624,94763630592,60.1,8192,24576,2,4,0.008181201754350036,0.02454360526305011,1.9973637095581143,3.9947274191162285,31,,
1769029109.7934337,860269.077066881,1.001428697956726,/,250375106560,142818586624,94763630592,60.1,0,0,0,0,0.0,0.0,0.0,0.0,0,,
1769029110.7949548,860270.078586178,1.0015192970167845,/,250375106560,142818586624,94763630592,60.1,0,57344,0,10,0.0,0.057257009596130594,0.0,9.98483007745023,2,,
1769029111.7966528,860271.08028433,1.001698151929304,/,250375106560,142818586624,94763630592,60.1,0,143360,0,3,0.0,0.14311696564866758,0.0,2.9949141807059343,4,,
1769029112.7980542,860272.081685778,1.0014014480402693,/,250375106560,142818586624,94763630592,60.1,0,0,0,0,0.0,0.0,0.0,0.0,0,,
1769029113.7995574,860273.08318896,1.00150318199303,/,250375106560,142818590720,94763626496,60.1,0,4096,0,1,0.0,0.00408985220780707,0.0,0.9984990741716481,31,,
1769029114.8004944,860274.084126407,1.0009374470682815,/,250375106560,142818590720,94763626496,60.1,0,0,0,0,0.0,0.0,0.0,0.0,0,,
1769029115.8020525,860275.085686143,1.001559735974297,/,250375106560,142818590720,94763626496,60.1,0,0,0,0,0.0,0.0,0.0,0.0,1,,
1769029116.8331227,860276.116756238,1.0310700950212777,/,250375106560,142818590720,94763626496,60.1,0,65536,0,2,0.0,0.06356114905907301,0.0,1.9397323321250308,64,,
1769029302.0783312,860461.361965536,,/,250375106560,142818631680,94763585536,60.1,0,0,0,0,,,,,1,,
1769029303.079692,860462.363323252,1.001357715926133,/,250375106560,142818631680,94763585536,60.1,0,77824,0,18,0.0,0.07771848038143127,0.0,17.975594249405876,27,,
1769029304.0809684,860463.36459988,1.0012766279978678,/,250375106560,142818635776,94763581440,60.1,61440,0,4,0,0.061361663981765124,0.0,3.9948999988128335,0.0,2,,
1769029305.0823867,860464.366018141,1.0014182610902935,/,250375106560,142818635776,94763581440,60.1,0,77824,0,2,0.0,0.07771378156742335,0.0,1.9971674950509701,4,,
1769029306.0838456,860465.36747744,1.0014592990046367,/,250375106560,142818635776,94763581440,60.1,0,0,0,0,0.0,0.0,0.0,0.0,0,,
1769029307.0852711,860466.368902415,1.001424974994734,/,250375106560,142818635776,94763581440,60.1,0,0,0,0,0.0,0.0,0.0,0.0,0,,
1769029308.0867662,860467.370397776,1.001495360978879,/,250375106560,142818635776,94763581440,60.1,0,0,0,0,0.0,0.0,0.0,0.0,0,,
1769029309.0882277,860468.371859322,1.0014615459367633,/,250375106560,142818639872,94763577344,60.1,0,12288,0,2,0.0,0.01227006673382137,0.0,1.9970811741245718,32,,
1769029310.0896745,860469.373305947,1.00144662510138,/,250375106560,142818639872,94763577344,60.1,0,32768,0,2,0.0,0.032720665464005906,0.0,1.9971109291995794,4,,
1769029311.091216,860470.374849463,1.001543515943922,/,250375106560,142818639872,94763577344,60.1,0,0,0,0,0.0,0.0,0.0,0.0,0,,
1769029312.0926957,860471.376327326,1.0014778630575165,/,250375106560,142818639872,94763577344,60.1,0,0,0,0,0.0,0.0,0.0,0.0,0,,
1769029513.72749,860673.01112272,,/,250375106560,142818672640,94763544576,60.1,0,0,0,0,,,,,1,,
1769029514.7288365,860674.012468578,1.0013458579778671,/,250375106560,142818672640,94763544576,60.1,0,155648,0,4,0.0,0.15543880144899977,0.0,3.9946238036852324,4,,
1769029515.7294261,860675.013057688,1.0005891100736335,/,250375106560,142818672640,94763544576,60.1,0,4096,0,1,0.0,0.0040935884258210395,0.0,0.9994112367727147,3,,
1769029516.730884,860676.014515474,1.001457785954699,/,250375106560,142818676736,94763540480,60.1,0,0,0,0,0.0,0.0,0.0,0.0,0,,
1769029517.7323167,860677.015948164,1.001432690070942,/,250375106560,142818680832,94763536384,60.1,0,0,0,0,0.0,0.0,0.0,0.0,0,,
1769029518.7338135,860678.017445159,1.0014969949843362,/,250375106560,142818680832,94763536384,60.1,0,0,0,0,0.0,0.0,0.0,0.0,0,,
1769029519.735269,860679.018900996,1.001455836929381,/,250375106560,142818680832,94763536384,60.1,0,0,0,0,0.0,0.0,0.0,0.0,0,,
1769029520.76684,860680.050471627,1.0315706310793757,/,250375106560,142818680832,94763536384,60.1,0,16384,0,2,0.0,0.015882577020302265,0.0,1.9387911401736164,70,,
1769029521.768353,860681.051984914,1.00151328695938,/,250375106560,142818680832,94763536384,60.1,0,0,0,0,0.0,0.0,0.0,0.0,0,,
1769029522.7699585,860682.053590206,1.0016052919672802,/,250375106560,142818680832,94763536384,60.1,0,0,0,0,0.0,0.0,0.0,0.0,0,,
1769029675.8544588,860835.138093762,,/,250375106560,142818689024,94763528192,60.1,0,0,0,0,,,,,0,,
1769029676.855907,860836.139538461,1.0014446990098804,/,250375106560,142818689024,94763528192,60.1,0,69632,0,2,0.0,0.06953154784167767,0.0,1.997114770268775,1,,
1769029677.8572884,860837.140920447,1.001381985959597,/,250375106560,142818693120,94763524096,60.1,0,0,0,0,0.0,0.0,0.0,0.0,0,,
1769029678.8586519,860838.142283786,1.001363339019008,/,250375106560,142818693120,94763524096,60.1,0,0,0,0,0.0,0.0,0.0,0.0,0,,
1769029686.9744794,860846.258112061,,/,250375106560,142818697216,94763520000,60.1,0,0,0,0,,,,,0,,
1769029687.9758463,860847.259478038,1.0013659769902006,/,250375106560,142818697216,94763520000,60.1,0,0,0,0,0.0,0.0,0.0,0.0,0,,
1769029688.9772854,860848.260916936,1.0014388980343938,/,250375106560,142818697216,94763520000,60.1,0,0,0,0,0.0,0.0,0.0,0.0,0,,
1769029689.9788892,860849.262522515,1.0016055790474638,/,250375106560,142818697216,94763520000,60.1,0,0,0,0,0.0,0.0,0.0,0.0,0,,
1769029690.9803889,860850.264020712,1.001498196972534,/,250375106560,142818697216,94763520000,60.1,0,49152,0,1,0.0,0.04907847078365533,0.0,0.9985040442638209,45,,
1769029691.9819026,860851.265534178,1.0015134660061449,/,250375106560,142818697216,94763520000,60.1,0,225280,0,40,0.0,0.22493956162005094,0.0,39.93955284446927,31,,
1769029692.9834533,860852.267084866,1.001550687942654,/,250375106560,142818697216,94763520000,60.1,0,0,0,0,0.0,0.0,0.0,0.0,0,,
1769029693.9849784,860853.26860982,1.0015249541029334,/,250375106560,142818697216,94763520000,60.1,0,0,0,0,0.0,0.0,0.0,0.0,0,,
1769029694.9864533,860854.270084853,1.001475033001043,/,250375106560,142818697216,94763520000,60.1,0,0,0,0,0.0,0.0,0.0,0.0,0,,
1769029695.987991,860855.271623103,1.0015382498968393,/,250375106560,142818697216,94763520000,60.1,0,0,0,0,0.0,0.0,0.0,0.0,0,,
1769029696.9894402,860856.273071875,1.0014487720327452,/,250375106560,142818697216,94763520000,60.1,0,20480,0,1,0.0,0.020450372072881577,0.0,0.9985533238711707,52,,
1769029697.990861,860857.274492872,1.0014209969667718,/,250375106560,142818697216,94763520000,60.1,0,126976,0,6,0.0,0.12679582351937962,0.0,5.991486116402137,17,,
1769029698.99242,860858.276051477,1.0015586049994454,/,250375106560,142818709504,94763507712,60.1,0,0,0,0,0.0,0.0,0.0,0.0,0,,
1769029699.9939477,860859.277579124,1.001527647022158,/,250375106560,142818709504,94763507712,60.1,0,0,0,0,0.0,0.0,0.0,0.0,0,,
1769029700.9954977,860860.279129472,1.0015503480099142,/,250375106560,142818709504,94763507712,60.1,0,0,0,0,0.0,0.0,0.0,0.0,0,,
1769029701.9970002,860861.28063303,1.0015035580145195,/,250375106560,142818709504,94763507712,60.1,0,0,0,0,0.0,0.0,0.0,0.0,0,,
1769029702.998442,860862.282078985,1.0014459550147876,/,250375106560,142818709504,94763507712,60.1,0,69632,0,4,0.0,0.06953146063580815,0.0,3.9942245310091997,37,,
1769029704.000012,860863.283644703,1.001565717975609,/,250375106560,142818709504,94763507712,60.1,0,0,0,0,0.0,0.0,0.0,0.0,0,,
1769029705.001544,860864.285176817,1.0015321139944717,/,250375106560,142818709504,94763507712,60.1,0,0,0,0,0.0,0.0,0.0,0.0,0,,
1769029706.0030599,860865.2866928,1.001515983021818,/,250375106560,142818709504,94763507712,60.1,0,0,0,0,0.0,0.0,0.0,0.0,0,,
1769029707.0046012,860866.288234195,1.0015413949731737,/,250375106560,142818709504,94763507712,60.1,0,4096,0,1,0.0,0.004089696162892709,0.0,0.9984609772687278,32,,
1769029708.0061288,860867.289761707,1.0015275119803846,/,250375106560,142818709504,94763507712,60.1,0,16384,0,2,0.0,0.016359011414077747,0.0,1.9969496355075376,4,,
1769029709.0076964,860868.291329555,1.0015678480267525,/,250375106560,142818713600,94763503616,60.1,0,180224,0,39,0.0,0.1799418784808936,0.0,38.93894964463584,2,,
1769029710.0092294,860869.292862391,1.0015328360022977,/,250375106560,142818717696,94763499520,60.1,0,0,0,0,0.0,0.0,0.0,0.0,0,,
1769029711.010797,860870.294428723,1.0015663320664316,/,250375106560,142818717696,94763499520,60.1,4096,0,1,0,0.004089594337250866,0.0,0.9984361174928874,0.0,1,,
1769029712.0122762,860871.295907691,1.001478967955336,/,250375106560,142818717696,94763499520,60.1,0,0,0,0,0.0,0.0,0.0,0.0,0,,
1769029713.0134654,860872.297098845,1.0011911540059373,/,250375106560,142818717696,94763499520,60.1,0,24576,0,2,0.0,0.024546761027269583,0.0,1.997620526307746,68,,
1769029714.015028,860873.29866112,1.001562274992466,/,250375106560,142818717696,94763499520,60.1,0,0,0,0,0.0,0.0,0.0,0.0,0,,
1769029715.0166128,860874.30024431,1.00158319005277,/,250375106560,142818717696,94763499520,60.1,0,0,0,0,0.0,0.0,0.0,0.0,0,,
1769029716.0180798,860875.30171137,1.0014670599484816,/,250375106560,142818721792,94763495424,60.1,0,0,0,0,0.0,0.0,0.0,0.0,0,,
1769029717.0195239,860876.303155352,1.0014439820079133,/,250375106560,142818721792,94763495424,60.1,0,0,0,0,0.0,0.0,0.0,0.0,0,,
1769029806.955144,860966.238777989,,/,250375106560,142979665920,94602551296,60.2,0,0,0,0,,,,,0,,
1769029807.956527,860967.240158688,1.0013806989882141,/,250375106560,142979665920,94602551296,60.2,2764800,86016,183,2,2.7609879067906227,0.08589740154459714,182.74768046248695,1.997242409426087,28,,
1769029808.9574344,860968.24106597,1.000907281995751,/,250375106560,142979665920,94602551296,60.2,0,0,0,0,0.0,0.0,0.0,0.0,0,,
1769029809.9588628,860969.242494272,1.001428301911801,/,250375106560,142979665920,94602551296,60.2,0,0,0,0,0.0,0.0,0.0,0.0,0,,
1769029810.9602783,860970.243909876,1.0014156040269881,/,250375106560,142979670016,94602547200,60.2,0,0,0,0,0.0,0.0,0.0,0.0,0,,
1769029811.9617934,860971.245426924,1.0015170479891822,/,250375106560,142979670016,94602547200,60.2,28672,106418176,7,1184,0.028628569086833654,106.25697906357503,6.989396749715248,1182.2065359518363,109,,
1769029812.9633646,860972.246996423,1.0015694990288466,/,250375106560,142979670016,94602547200,60.2,0,2535424,0,21,0.0,2.531450890286123,0.0,20.967092169202697,5,,
1769029813.9649231,860973.248556638,1.0015602150233462,/,250375106560,142979674112,94602543104,60.2,0,4096,0,1,0.0,0.004089619314505741,0.0,0.9984422154555033,1,,
1769029814.966469,860974.250103518,1.001546879997477,/,250375106560,142979674112,94602543104,60.2,0,0,0,0,0.0,0.0,0.0,0.0,0,,
1769029815.9680364,860975.251670129,1.0015666109975427,/,250375106560,142979678208,94602539008,60.2,0,0,0,0,0.0,0.0,0.0,0.0,0,,
1769029816.969593,860976.253226628,1.0015564989298582,/,250375106560,142979678208,94602539008,60.2,0,0,0,0,0.0,0.0,0.0,0.0,0,,
1769029817.971133,860977.254766412,1.0015397840179503,/,250375106560,142979686400,94602530816,60.2,4096,142299136,1,1104,0.0040897027410811155,142.08036292789905,0.9984625832717567,1102.3026919320196,153,,
1769029818.9727266,860978.256360026,1.0015936139971018,/,250375106560,142979686400,94602530816,60.2,0,0,0,0,0.0,0.0,0.0,0.0,0,,
1769029819.974275,860979.257908964,1.0015489379875362,/,250375106560,142979686400,94602530816,60.2,0,0,0,0,0.0,0.0,0.0,0.0,0,,
1769029820.9758418,860980.259474813,1.0015658490592614,/,250375106560,142979686400,94602530816,60.2,0,0,0,0,0.0,0.0,0.0,0.0,0,,
1769029821.9773982,860981.26103005,1.0015552369877696,/,250375106560,142979694592,94602522624,60.2,0,0,0,0,0.0,0.0,0.0,0.0,0,,
1769029822.9789336,860982.262567187,1.0015371369663626,/,250375106560,142979694592,94602522624,60.2,0,143360,0,3,0.0,0.14313997425420966,0.0,2.995395666591999,72,,
1769029823.9805,860983.264133433,1.0015662460355088,/,250375106560,142979694592,94602522624,60.2,0,0,0,0,0.0,0.0,0.0,0.0,0,,
1769029824.9820518,860984.265685755,1.001552321948111,/,250375106560,142979694592,94602522624,60.2,0,245760,0,54,0.0,0.2453790926488736,0.0,53.91630453710601,60,,
1769029825.983611,860985.267244758,1.0015590030234307,/,250375106560,142979694592,94602522624,60.2,0,0,0,0,0.0,0.0,0.0,0.0,0,,
1769029826.9851658,860986.268799362,1.0015546040376648,/,250375106560,142979694592,94602522624,60.2,0,0,0,0,0.0,0.0,0.0,0.0,0,,
1769029827.9867327,860987.270366227,1.001566865015775,/,250375106560,142979694592,94602522624,60.2,0,24576,0,2,0.0,0.02453755296668378,0.0,1.9968711724189272,66,,
1769029828.9883049,860988.271938644,1.0015724169788882,/,250375106560,142979694592,94602522624,60.2,0,0,0,0,0.0,0.0,0.0,0.0,0,,
1769029829.9898696,860989.273503056,1.0015644120285287,/,250375106560,142979694592,94602522624,60.2,0,0,0,0,0.0,0.0,0.0,0.0,0,,
1769029830.99047,860990.274101764,1.0005987079348415,/,250375106560,142979694592,94602522624,60.2,0,0,0,0,0.0,0.0,0.0,0.0,0,,
1769029831.9920123,860991.275646038,1.0015442740404978,/,250375106560,142979694592,94602522624,60.2,0,0,0,0,0.0,0.0,0.0,0.0,0,,
1769029832.9935455,860992.277179059,1.001533020986244,/,250375106560,142979698688,94602518528,60.2,0,16384,0,2,0.0,0.016358921430135284,0.0,1.996938651139561,65,,
1769029833.9950948,860993.27872846,1.001549400971271,/,250375106560,142979698688,94602518528,60.2,0,0,0,0,0.0,0.0,0.0,0.0,0,,
1769029834.996664,860994.280297503,1.001569043030031,/,250375106560,142979698688,94602518528,60.2,0,0,0,0,0.0,0.0,0.0,0.0,0,,
1769029835.9982073,860995.281840634,1.0015431309584528,/,250375106560,142979698688,94602518528,60.2,0,0,0,0,0.0,0.0,0.0,0.0,0,,
1769029836.999771,860996.28340521,1.0015645760577172,/,250375106560,142979698688,94602518528,60.2,0,0,0,0,0.0,0.0,0.0,0.0,0,,
1769029896.1437647,861055.427397903,,/,250375106560,142979702784,94602514432,60.2,0,0,0,0,,,,,0,,
1769029897.1451752,861056.428806995,1.0014090919867158,/,250375106560,142979702784,94602514432,60.2,0,0,0,0,0.0,0.0,0.0,0.0,0,,
1769029898.1465547,861057.430186196,1.0013792009558529,/,250375106560,142979702784,94602514432,60.2,0,0,0,0,0.0,0.0,0.0,0.0,0,,
1769029899.1481073,861058.431740047,1.001553850946948,/,250375106560,142979702784,94602514432,60.2,0,122880,0,16,0.0,0.1226893590233012,0.0,15.975176956159011,68,,
1769029900.149579,861059.433210661,1.001470614108257,/,250375106560,142979702784,94602514432,60.2,0,0,0,0,0.0,0.0,0.0,0.0,0,,
1769029901.150998,861060.434629684,1.0014190229121596,/,250375106560,142979702784,94602514432,60.2,0,0,0,0,0.0,0.0,0.0,0.0,0,,
1769029913.5099034,861072.793536488,,/,250375106560,142979702784,94602514432,60.2,0,0,0,0,,,,,0,,
1769029914.511309,861073.794940508,1.0014040200039744,/,250375106560,142979702784,94602514432,60.2,0,0,0,0,0.0,0.0,0.0,0.0,0,,
1769029915.5127366,861074.796368028,1.0014275200664997,/,250375106560,142979710976,94602506240,60.2,0,0,0,0,0.0,0.0,0.0,0.0,0,,
1769029916.5135503,861075.797184084,1.000816055922769,/,250375106560,142979715072,94602502144,60.2,0,0,0,0,0.0,0.0,0.0,0.0,0,,
1769029917.5150073,861076.798639142,1.0014550579944625,/,250375106560,142979715072,94602502144,60.2,0,0,0,0,0.0,0.0,0.0,0.0,0,,
1769029918.516447,861077.800078541,1.001439399085939,/,250375106560,142979715072,94602502144,60.2,0,77824,0,3,0.0,0.07771214121496882,0.0,2.9956880094174863,35,,
1769189046.4064693,1020205.690102008,,/,250375106560,143343640576,94238576640,60.3,0,0,0,0,,,,,0,,
1769189047.4078925,1020206.691524069,1.0014220610028133,/,250375106560,143343640576,94238576640,60.3,0,0,0,0,0.0,0.0,0.0,0.0,0,,
1769189048.4092448,1020207.692876109,1.001352039980702,/,250375106560,143343640576,94238576640,60.3,0,0,0,0,0.0,0.0,0.0,0.0,0,,
1769189049.4107425,1020208.694375319,1.0014992100186646,/,250375106560,143343640576,94238576640,60.3,0,0,0,0,0.0,0.0,0.0,0.0,0,,
1769189050.412167,1020209.695798687,1.0014233679976314,/,250375106560,143343640576,94238576640,60.3,0,0,0,0,0.0,0.0,0.0,0.0,0,,
1769189051.4132466,1020210.696878108,1.0010794209083542,/,250375106560,143343640576,94238576640,60.3,0,0,0,0,0.0,0.0,0.0,0.0,0,,
1769189052.4468272,1020211.730459228,1.033581120078452,/,250375106560,143343640576,94238576640,60.3,0,143360,0,3,0.0,0.13870222396198426,0.0,2.9025297983116127,66,,
1769189053.448427,1020212.732058899,1.0015996709698811,/,250375106560,143343640576,94238576640,60.3,0,0,0,0,0.0,0.0,0.0,0.0,0,,
1769189054.4495475,1020213.733181048,1.0011221489403397,/,250375106560,143343644672,94238572544,60.3,36864,4096,2,1,0.03682267946925311,0.004091408829917012,1.997758217732916,0.998879108866458,34,,
1769189055.450988,1020214.734620122,1.0014390740543604,/,250375106560,143343644672,94238572544,60.3,0,0,0,0,0.0,0.0,0.0,0.0,0,,
1769189056.4525535,1020215.736185223,1.0015651009744033,/,250375106560,143343644672,94238572544,60.3,0,61440,0,1,0.0,0.06134399046075609,0.0,0.9984373447388686,32,,
1769189057.453983,1020216.737615213,1.001429990050383,/,250375106560,143343644672,94238572544,60.3,0,4096,0,1,0.0,0.004090151124587277,0.0,0.9985720519011908,34,,
1769189058.4556673,1020217.739298965,1.0016837519360706,/,250375106560,143343644672,94238572544,60.3,0,229376,0,47,0.0,0.22899043690851362,0.0,46.92099668099601,2,,
1769189059.4570448,1020218.740677549,1.0013785840710625,/,250375106560,143343644672,94238572544,60.3,0,0,0,0,0.0,0.0,0.0,0.0,0,,
1769189060.4587576,1020219.74238935,1.0017118009272963,/,250375106560,143343644672,94238572544,60.3,0,0,0,0,0.0,0.0,0.0,0.0,0,,
1769189061.4601007,1020220.743732432,1.0013430820545182,/,250375106560,143343644672,94238572544,60.3,0,0,0,0,0.0,0.0,0.0,0.0,0,,
1769189062.4617653,1020221.745398765,1.0016663329442963,/,250375106560,143343644672,94238572544,60.3,0,20480,0,2,0.0,0.020445930272809634,0.0,1.9966728782040657,67,,
1769189063.4633963,1020222.747028049,1.0016292840009555,/,250375106560,143343648768,94238568448,60.3,0,4096,0,1,0.0,0.004089337308149321,0.0,0.998373366247393,1,,
1769189064.4649513,1020223.748584869,1.0015568200033158,/,250375106560,143343652864,94238564352,60.3,0,0,0,0,0.0,0.0,0.0,0.0,0,,
1769189065.4665368,1020224.750169818,1.0015849490882829,/,250375106560,143343652864,94238564352,60.3,0,0,0,0,0.0,0.0,0.0,0.0,0,,
1769189066.4680045,1020225.751636121,1.0014663028996438,/,250375106560,143343656960,94238560256,60.3,4096,0,1,0,0.0040900028170098674,0.0,0.9985358439965496,0.0,35,,
1769189067.4694629,1020226.75309453,1.0014584090095013,/,250375106560,143343656960,94238560256,60.3,0,16384,0,2,0.0,0.016360140224100466,0.0,1.997087429699764,27,,
1769189068.4708207,1020227.754452619,1.0013580890372396,/,250375106560,143343656960,94238560256,60.3,0,0,0,0,0.0,0.0,0.0,0.0,0,,
1769189069.4724102,1020228.756041898,1.001589279039763,/,250375106560,143343656960,94238560256,60.3,0,0,0,0,0.0,0.0,0.0,0.0,0,,
1769189070.4739516,1020229.757585125,1.0015432270010933,/,250375106560,143343656960,94238560256,60.3,0,0,0,0,0.0,0.0,0.0,0.0,0,,
1769189071.4755054,1020230.759138728,1.0015536029823124,/,250375106560,143343661056,94238556160,60.3,0,0,0,0,0.0,0.0,0.0,0.0,0,,
1769189072.4768918,1020231.760523731,1.0013850029790774,/,250375106560,143343661056,94238556160,60.3,0,16384,0,2,0.0,0.016361339496056265,0.0,1.9972338252021808,66,,
1769189073.4775248,1020232.761156531,1.0006328000454232,/,250375106560,143343661056,94238556160,60.3,0,0,0,0,0.0,0.0,0.0,0.0,0,,
1769189074.479009,1020233.762642677,1.0014861458912492,/,250375106560,143343661056,94238556160,60.3,0,0,0,0,0.0,0.0,0.0,0.0,0,,
1769189075.480553,1020234.764186622,1.0015439450507984,/,250375106560,143343665152,94238552064,60.3,0,0,0,0,0.0,0.0,0.0,0.0,0,,
1769189088.3246229,1020247.608257367,,/,250375106560,143343669248,94238547968,60.3,0,0,0,0,,,,,0,,
1769189089.3254187,1020248.609050407,1.000793039915152,/,250375106560,143343669248,94238547968,60.3,770048,8192,26,2,0.7694378051083222,0.00818550856498215,25.979397300968742,1.9984151769975955,4,,
1769189090.326438,1020249.610071241,1.0010208340827376,/,250375106560,143343669248,94238547968,60.3,0,0,0,0,0.0,0.0,0.0,0.0,0,,
1769189091.3279781,1020250.611611052,1.0015398109098896,/,250375106560,143343669248,94238547968,60.3,0,0,0,0,0.0,0.0,0.0,0.0,0,,
1769189092.329486,1020251.613117437,1.0015063850441948,/,250375106560,143343669248,94238547968,60.3,0,188416,0,3,0.0,0.18813259986523753,0.0,2.995487642215696,68,,
1769189093.3309367,1020252.614568123,1.0014506860170513,/,250375106560,143343669248,94238547968,60.3,0,0,0,0,0.0,0.0,0.0,0.0,0,,
1769189094.3324323,1020253.616064082,1.0014959590043873,/,250375106560,143343669248,94238547968,60.3,0,212992,0,44,0.0,0.2126738486411276,0.0,43.93427612403102,32,,
1769189095.3335044,1020254.617137641,1.001073558931239,/,250375106560,143343669248,94238547968,60.3,0,0,0,0,0.0,0.0,0.0,0.0,0,,
1769189096.3350093,1020255.618640871,1.001503230072558,/,250375106560,143343669248,94238547968,60.3,0,0,0,0,0.0,0.0,0.0,0.0,0,,
1769189097.3364816,1020256.620112985,1.0014721140032634,/,250375106560,143343669248,94238547968,60.3,0,16384,0,2,0.0,0.016359916338066514,0.0,1.997060099861635,65,,
1769189098.3374786,1020257.621110531,1.0009975460125133,/,250375106560,143343673344,94238543872,60.3,0,4096,0,1,0.0,0.0040919181233924785,0.0,0.9990034480938669,1,,
1769189099.3389885,1020258.622619975,1.001509443973191,/,250375106560,143343673344,94238543872,60.3,0,0,0,0,0.0,0.0,0.0,0.0,0,,
1769189100.3394969,1020259.623129161,1.0005091859493405,/,250375106560,143343673344,94238543872,60.3,0,0,0,0,0.0,0.0,0.0,0.0,0,,
1769189101.3407722,1020260.624403596,1.0012744350824505,/,250375106560,143343673344,94238543872,60.3,0,0,0,0,0.0,0.0,0.0,0.0,0,,
1769189102.3422837,1020261.625917396,1.0015138000017032,/,250375106560,143343673344,94238543872,60.3,0,49152,0,2,0.0,0.04907770616831881,0.0,1.9969769762499516,66,,
1769189103.3438315,1020262.627465317,1.0015479209832847,/,250375106560,143343677440,94238539776,60.3,0,0,0,0,0.0,0.0,0.0,0.0,0,,
1769189104.3452253,1020263.628857167,1.0013918499462306,/,250375106560,143343677440,94238539776,60.3,0,0,0,0,0.0,0.0,0.0,0.0,0,,
1769189105.3464978,1020264.63012932,1.0012721529928967,/,250375106560,143343681536,94238535680,60.3,0,0,0,0,0.0,0.0,0.0,0.0,0,,
1769189106.3474116,1020265.631043404,1.00091408402659,/,250375106560,143343681536,94238535680,60.3,0,0,0,0,0.0,0.0,0.0,0.0,0,,
1769189107.3484325,1020266.632065788,1.0010223840363324,/,250375106560,143343681536,94238535680,60.3,0,20480,0,2,0.0,0.02045908296018351,0.0,1.9979573203304208,72,,
1769189108.3500118,1020267.633645332,1.0015795439248905,/,250375106560,143343681536,94238535680,60.3,0,0,0,0,0.0,0.0,0.0,0.0,0,,
