ts_wall_s,ts_mono_s,dt_s,backend,nic,rx_bytes_d,tx_bytes_d,rx_Mbps,tx_Mbps,rx_pkts_d,tx_pkts_d,dropin_d,dropout_d,errin_d,errout_d
1769028544.3088255,859703.592459697,,psutil,enp0s31f6,0,0,,,0,0,0,0,0,0
1769028544.3088255,859703.592459697,,psutil,wlp0s20f3,0,0,,,0,0,0,0,0,0
1769028545.3094988,859704.593130665,1.0006709679728374,psutil,enp0s31f6,10213,8285,0.08164921599106272,0.06623555806187748,46,28,0,0,0,0
1769028545.3094988,859704.593130665,1.0006709679728374,psutil,wlp0s20f3,0,0,0.0,0.0,0,0,0,0,0,0
1769028546.3107393,859705.594370911,1.0012402459979057,psutil,enp0s31f6,4530,3700,0.036195109160719656,0.02956333419308228,38,25,0,0,0,0
1769028546.3107393,859705.594370911,1.0012402459979057,psutil,wlp0s20f3,0,0,0.0,0.0,0,0,0,0,0,0
1769028547.3113937,859706.595025462,1.000654550967738,psutil,enp0s31f6,8003,6616,0.06398212044114732,0.05289337858785838,30,23,0,0,0,0
1769028547.3113937,859706.595025462,1.000654550967738,psutil,wlp0s20f3,0,0,0.0,0.0,0,0,0,0,0,0
1769028548.3127413,859707.596372981,1.001347518991679,psutil,enp0s31f6,2282,1806,0.018231432798059097,0.014428557245089714,22,13,0,0,0,0
1769028548.3127413,859707.596372981,1.001347518991679,psutil,wlp0s20f3,0,0,0.0,0.0,0,0,0,0,0,0
1769028549.3141804,859708.597811788,1.0014388069976121,psutil,enp0s31f6,834,688,0.006662414072012199,0.0054960921841059876,9,5,0,0,0,0
1769028549.3141804,859708.597811788,1.0014388069976121,psutil,wlp0s20f3,0,0,0.0,0.0,0,0,0,0,0,0
1769028550.3156164,859709.599247708,1.0014359200140461,psutil,enp0s31f6,2062,1556,0.016472347027225293,0.012430151296975053,17,13,0,0,0,0
1769028550.3156164,859709.599247708,1.0014359200140461,psutil,wlp0s20f3,0,0,0.0,0.0,0,0,0,0,0,0
1769028551.3170397,859710.600671323,1.0014236150309443,psutil,enp0s31f6,2258,1884,0.018038320375979765,0.015050573776946801,21,16,0,0,0,0
1769028551.3170397,859710.600671323,1.0014236150309443,psutil,wlp0s20f3,0,0,0.0,0.0,0,0,0,0,0,0
1769028552.3184388,859711.602070261,1.0013989380095154,psutil,enp0s31f6,9494,14714,0.07584589629281023,0.11754755825283437,40,27,0,0,0,0
1769028552.3184388,859711.602070261,1.0013989380095154,psutil,wlp0s20f3,0,0,0.0,0.0,0,0,0,0,0,0
1769028553.3198519,859712.603483174,1.0014129129704088,psutil,enp0s31f6,7442,10736,0.059451999498791416,0.08576681894907615,45,36,0,0,0,0
1769028553.3198519,859712.603483174,1.0014129129704088,psutil,wlp0s20f3,0,0,0.0,0.0,0,0,0,0,0,0
1769028554.3212729,859713.604904408,1.001421233988367,psutil,enp0s31f6,4970,14472,0.039703571934107666,0.11561168873851231,34,33,0,0,0,0
1769028554.3212729,859713.604904408,1.001421233988367,psutil,wlp0s20f3,0,0,0.0,0.0,0,0,0,0,0,0
1769029107.7911851,860267.074819962,,psutil,enp0s31f6,0,0,,,0,0,0,0,0,0
1769029107.7911851,860267.074819962,,psutil,wlp0s20f3,0,0,,,0,0,0,0,0,0
1769029108.7925968,860268.076228282,1.0014083199203014,psutil,enp0s31f6,9465,9518,0.07561351198482781,0.0760369156969457,40,30,0,0,0,0
1769029108.7925968,860268.076228282,1.0014083199203014,psutil,wlp0s20f3,0,0,0.0,0.0,0,0,0,0,0,0
1769029109.793552,860269.077183867,1.0009555850410834,psutil,enp0s31f6,2776,2156,0.022186798627122393,0.017231533804061918,26,16,0,0,0,0
1769029109.793552,860269.077183867,1.0009555850410834,psutil,wlp0s20f3,0,0,0.0,0.0,0,0,0,0,0,0
1769029110.7949796,860270.078611158,1.0014272909611464,psutil,enp0s31f6,1414,1088,0.011295877496151527,0.008691594565638516,14,8,0,0,0,0
1769029110.7949796,860270.078611158,1.0014272909611464,psutil,wlp0s20f3,0,0,0.0,0.0,0,0,0,0,0,0
1769029111.796623,860271.080254463,1.0016433050623164,psutil,enp0s31f6,1206,892,0.009632171403970756,0.007124292613882184,13,6,0,0,0,0
1769029111.796623,860271.080254463,1.0016433050623164,psutil,wlp0s20f3,0,0,0.0,0.0,0,0,0,0,0,0
1769029112.797415,860272.081046692,1.00079222896602,psutil,enp0s31f6,7598,4060,0.060735883273993534,0.032454288772362956,31,17,0,0,0,0
1769029112.797415,860272.081046692,1.00079222896602,psutil,wlp0s20f3,0,0,0.0,0.0,0,0,0,0,0,0
1769029113.7988985,860273.082531892,1.0014852000167593,psutil,enp0s31f6,6246,11716,0.04989389758247432,0.09358900161323554,36,37,0,0,0,0
1769029113.7988985,860273.082531892,1.0014852000167593,psutil,wlp0s20f3,0,0,0.0,0.0,0,0,0,0,0,0
1769029114.7994924,860274.083123944,1.0005920520052314,psutil,enp0s31f6,8438,15446,0.06746405776931663,0.12349488460593325,36,28,0,0,0,0
1769029114.7994924,860274.083123944,1.0005920520052314,psutil,wlp0s20f3,0,0,0.0,0.0,0,0,0,0,0,0
1769029115.8009331,860275.084564604,1.0014406599802896,psutil,enp0s31f6,5112,8400,0.040837167527035416,0.06710332692235867,33,27,0,0,0,0
1769029115.8009331,860275.084564604,1.0014406599802896,psutil,wlp0s20f3,0,0,0.0,0.0,0,0,0,0,0,0
1769029116.8332226,860276.116854295,1.032289691036567,psutil,enp0s31f6,4354,12356,0.033742466191853254,0.09575606620728955,31,29,0,0,0,0
1769029116.8332226,860276.116854295,1.032289691036567,psutil,wlp0s20f3,0,0,0.0,0.0,0,0,0,0,0,0
1769029302.0788786,860461.362513405,,psutil,enp0s31f6,0,0,,,0,0,0,0,0,0
1769029302.0788786,860461.362513405,,psutil,wlp0s20f3,0,0,,,0,0,0,0,0,0
1769029303.0802088,860462.363840281,1.001326875993982,psutil,enp0s31f6,4927,8142,0.03936376915966938,0.06504968713172887,35,22,0,0,0,0
1769029303.0802088,860462.363840281,1.001326875993982,psutil,wlp0s20f3,0,0,0.0,0.0,0,0,0,0,0,0
1769029304.081528,860463.365159422,1.0013191410107538,psutil,enp0s31f6,5245,18752,0.04190472176297822,0.14981836844601865,38,37,0,0,0,0
1769029304.081528,860463.365159422,1.0013191410107538,psutil,wlp0s20f3,0,0,0.0,0.0,0,0,0,0,0,0
1769029305.0828884,860464.366520204,1.001360781956464,psutil,enp0s31f6,11789,20225,0.09418383633492487,0.16158012468180977,51,51,0,0,0,0
1769029305.0828884,860464.366520204,1.001360781956464,psutil,wlp0s20f3,0,0,0.0,0.0,0,0,0,0,0,0
1769029306.0844371,860465.368068838,1.001548634027131,psutil,enp0s31f6,4307,14476,0.03440272277288795,0.11562893309968099,30,28,0,0,0,0
1769029306.0844371,860465.368068838,1.001548634027131,psutil,wlp0s20f3,0,0,0.0,0.0,0,0,0,0,0,0
1769029307.0858648,860466.369496245,1.0014274070272222,psutil,enp0s31f6,5062,10678,0.04043827811764611,0.08530223898463554,33,28,0,0,0,0
1769029307.0858648,860466.369496245,1.0014274070272222,psutil,wlp0s20f3,0,0,0.0,0.0,0,0,0,0,0,0
1769029308.0872836,860467.370915118,1.001418872969225,psutil,enp0s31f6,6032,21808,0.04818762787735375,0.17421680847966353,41,38,0,0,0,0
1769029308.0872836,860467.370915118,1.001418872969225,psutil,wlp0s20f3,0,0,0.0,0.0,0,0,0,0,0,0
1769029309.0887048,860468.372336343,1.0014212250243872,psutil,enp0s31f6,4316,15666,0.034478997585815255,0.12515013349846657,28,28,0,0,0,0
1769029309.0887048,860468.372336343,1.0014212250243872,psutil,wlp0s20f3,0,0,0.0,0.0,0,0,0,0,0,0
1769029310.0901258,860469.373757342,1.0014209989458323,psutil,enp0s31f6,4433,10048,0.03541367720202787,0.0802699365048446,29,25,0,0,0,0
1769029310.0901258,860469.373757342,1.0014209989458323,psutil,wlp0s20f3,0,0,0.0,0.0,0,0,0,0,0,0
1769029311.0915387,860470.375170187,1.0014128449838609,psutil,enp0s31f6,5122,22998,0.04091818894200462,0.18372442586650178,37,38,0,0,0,0
1769029311.0915387,860470.375170187,1.0014128449838609,psutil,wlp0s20f3,0,0,0.0,0.0,0,0,0,0,0,0
1769029312.092431,860471.376062644,1.0008924569701776,psutil,enp0s31f6,11653,22821,0.09314087577620508,0.18240521119786973,45,41,0,0,0,0
1769029312.092431,860471.376062644,1.0008924569701776,psutil,wlp0s20f3,0,0,0.0,0.0,0,0,0,0,0,0
1769029513.7280087,860673.01164216,,psutil,enp0s31f6,0,0,,,0,0,0,0,0,0
1769029513.7280087,860673.01164216,,psutil,wlp0s20f3,0,0,,,0,0,0,0,0,0
1769029514.7284162,860674.012048104,1.0004059439525008,psutil,enp0s31f6,2636,1860,0.021079442927621445,0.014873962005074312,23,12,0,0,0,0
1769029514.7284162,860674.012048104,1.0004059439525008,psutil,wlp0s20f3,0,0,0.0,0.0,0,0,0,0,0,0
1769029515.7294211,860675.013052654,1.0010045500239357,psutil,enp0s31f6,2030,1524,0.016223702479286107,0.01217976481696159,18,12,0,0,0,0
1769029515.7294211,860675.013052654,1.0010045500239357,psutil,wlp0s20f3,0,0,0.0,0.0,0,0,0,0,0,0
1769029516.7307441,860676.014375457,1.0013228029711172,psutil,enp0s31f6,7129,5819,0.056956657564149235,0.04649050222552734,23,18,0,0,0,0
1769029516.7307441,860676.014375457,1.0013228029711172,psutil,wlp0s20f3,0,0,0.0,0.0,0,0,0,0,0,0
1769029517.7321615,860677.015794692,1.001419235020876,psutil,enp0s31f6,2554,2070,0.020403043286435444,0.016536530776398342,23,13,0,0,0,0
1769029517.7321615,860677.015794692,1.001419235020876,psutil,wlp0s20f3,0,0,0.0,0.0,0,0,0,0,0,0
1769029518.7337003,860678.017333798,1.001539106015116,psutil,enp0s31f6,3694,2534,0.029506586235639187,0.020240847190338307,31,17,0,0,0,0
1769029518.7337003,860678.017333798,1.001539106015116,psutil,wlp0s20f3,0,0,0.0,0.0,0,0,0,0,0,0
1769029519.735113,860679.018746385,1.0014125870075077,psutil,enp0s31f6,2038,1336,0.016281001668573762,0.010672923566837363,20,8,0,0,0,0
1769029519.735113,860679.018746385,1.0014125870075077,psutil,wlp0s20f3,0,0,0.0,0.0,0,0,0,0,0,0
1769029520.7668297,860680.050463211,1.0317168260226026,psutil,enp0s31f6,2322,1666,0.01800494043662427,0.0129182733709802,21,13,0,0,0,0
1769029520.7668297,860680.050463211,1.0317168260226026,psutil,wlp0s20f3,0,0,0.0,0.0,0,0,0,0,0,0
1769029521.7682116,860681.051843371,1.001380159985274,psutil,enp0s31f6,4702,3890,0.03756415545575935,0.031077108618227108,36,24,0,0,0,0
1769029521.7682116,860681.051843371,1.001380159985274,psutil,wlp0s20f3,0,0,0.0,0.0,0,0,0,0,0,0
1769029522.769843,860682.053476986,1.0016336150001734,psutil,enp0s31f6,2622,2668,0.020941789179066608,0.02130918898922567,20,14,0,0,0,0
1769029522.769843,860682.053476986,1.0016336150001734,psutil,wlp0s20f3,0,0,0.0,0.0,0,0,0,0,0,0
1769029686.9749422,860846.258575372,,psutil,enp0s31f6,0,0,,,0,0,0,0,0,0
1769029686.9749422,860846.258575372,,psutil,wlp0s20f3,0,0,,,0,0,0,0,0,0
1769029687.9762895,860847.259921098,1.0013457259628922,psutil,enp0s31f6,3622,2830,0.02893705864888646,0.022609573709649,32,18,0,0,0,0
1769029687.9762895,860847.259921098,1.0013457259628922,psutil,wlp0s20f3,0,0,0.0,0.0,0,0,0,0,0,0
1769029688.9774282,860848.261060884,1.0011397859780118,psutil,enp0s31f6,3276,2942,0.026178162497455287,0.02350920453831302,27,18,0,0,0,0
1769029688.9774282,860848.261060884,1.0011397859780118,psutil,wlp0s20f3,0,0,0.0,0.0,0,0,0,0,0,0
1769029689.9789145,860849.262547539,1.0014866549754515,psutil,enp0s31f6,10442,7326,0.0834119951424092,0.05852099946497699,46,24,0,0,0,0
1769029689.9789145,860849.262547539,1.0014866549754515,psutil,wlp0s20f3,0,0,0.0,0.0,0,0,0,0,0,0
1769029690.9803522,860850.263985278,1.0014377390034497,psutil,enp0s31f6,1620,1326,0.012941393653585244,0.010592770360897551,16,10,0,0,0,0
1769029690.9803522,860850.263985278,1.0014377390034497,psutil,wlp0s20f3,0,0,0.0,0.0,0,0,0,0,0,0
1769029691.9817927,860851.265426522,1.0014412440359592,psutil,enp0s31f6,1226,836,0.009793884622199383,0.006678374832103331,14,6,0,0,0,0
1769029691.9817927,860851.265426522,1.0014412440359592,psutil,wlp0s20f3,0,0,0.0,0.0,0,0,0,0,0,0
1769029692.9833307,860852.266964266,1.0015377439558506,psutil,enp0s31f6,2267,1490,0.018108154295180975,0.011901698235474042,20,11,0,0,0,0
1769029692.9833307,860852.266964266,1.0015377439558506,psutil,wlp0s20f3,0,0,0.0,0.0,0,0,0,0,0,0
1769029693.984847,860853.268480583,1.0015163170173764,psutil,enp0s31f6,2713,1670,0.02167113968211407,0.013339772675683927,25,13,0,0,0,0
1769029693.984847,860853.268480583,1.0015163170173764,psutil,wlp0s20f3,0,0,0.0,0.0,0,0,0,0,0,0
1769029694.9863293,860854.269962651,1.001482067978941,psutil,enp0s31f6,1714,1146,0.013691707958058352,0.00915443250871346,15,9,0,0,0,0
1769029694.9863293,860854.269962651,1.001482067978941,psutil,wlp0s20f3,0,0,0.0,0.0,0,0,0,0,0,0
1769029695.9878798,860855.271513217,1.001550566055812,psutil,enp0s31f6,2739,2035,0.021878076597062143,0.016254795865287133,27,18,0,0,0,0
1769029695.9878798,860855.271513217,1.001550566055812,psutil,wlp0s20f3,0,0,0.0,0.0,0,0,0,0,0,0
1769029696.9892774,860856.272910787,1.0013975700130686,psutil,enp0s31f6,5044,7748,0.0402956839604408,0.06189749391861525,30,30,0,0,0,0
1769029696.9892774,860856.272910787,1.0013975700130686,psutil,wlp0s20f3,0,0,0.0,0.0,0,0,0,0,0,0
1769029697.9907358,860857.274369245,1.0014584580203518,psutil,enp0s31f6,3132,1841,0.02501951009483691,0.014706551112578146,20,11,0,0,0,0
1769029697.9907358,860857.274369245,1.0014584580203518,psutil,wlp0s20f3,0,0,0.0,0.0,0,0,0,0,0,0
1769029698.9922912,860858.275924644,1.0015553989214823,psutil,enp0s31f6,2048,1506,0.01635855591976539,0.012029289655843104,20,11,0,0,0,0
1769029698.9922912,860858.275924644,1.0015553989214823,psutil,wlp0s20f3,0,0,0.0,0.0,0,0,0,0,0,0
1769029699.9938488,860859.27748261,1.0015579659957439,psutil,enp0s31f6,1887,1312,0.015072517530217667,0.010479673025779323,19,9,0,0,0,0
1769029699.9938488,860859.27748261,1.0015579659957439,psutil,wlp0s20f3,0,0,0.0,0.0,0,0,0,0,0,0
1769029700.9954011,860860.279033024,1.0015504140174016,psutil,enp0s31f6,1704,1398,0.013610897473767255,0.011166687011928769,16,10,0,0,0,0
1769029700.9954011,860860.279033024,1.0015504140174016,psutil,wlp0s20f3,0,0,0.0,0.0,0,0,0,0,0,0
1769029701.9969456,860861.280579165,1.001546140993014,psutil,enp0s31f6,2142,1474,0.017109546229203163,0.011773796051281728,21,11,0,0,0,0
1769029701.9969456,860861.280579165,1.001546140993014,psutil,wlp0s20f3,0,0,0.0,0.0,0,0,0,0,0,0
1769029702.9984543,860862.28208596,1.0015067950589582,psutil,enp0s31f6,948,624,0.007572589659317821,0.0049844893960066675,12,4,0,0,0,0
1769029702.9984543,860862.28208596,1.0015067950589582,psutil,wlp0s20f3,0,0,0.0,0.0,0,0,0,0,0,0
1769029703.9999857,860863.283619714,1.0015337539371103,psutil,enp0s31f6,2238,1766,0.01787658172240119,0.01410636430820398,22,13,0,0,0,0
1769029703.9999857,860863.283619714,1.0015337539371103,psutil,wlp0s20f3,0,0,0.0,0.0,0,0,0,0,0,0
1769029705.0015252,860864.285158692,1.0015389780746773,psutil,enp0s31f6,2446,1698,0.01953793155171736,0.013563126645468552,21,14,0,0,0,0
1769029705.0015252,860864.285158692,1.0015389780746773,psutil,wlp0s20f3,0,0,0.0,0.0,0,0,0,0,0,0
1769029706.0030403,860865.286673852,1.0015151599654928,psutil,enp0s31f6,1334,616,0.010655854675597426,0.004920544587832094,13,4,0,0,0,0
1769029706.0030403,860865.286673852,1.0015151599654928,psutil,wlp0s20f3,0,0,0.0,0.0,0,0,0,0,0,0
1769029707.0045779,860866.288211744,1.00153789203614,psutil,enp0s31f6,2456,1474,0.01961782989563715,0.011773893023684512,21,11,0,0,0,0
1769029707.0045779,860866.288211744,1.00153789203614,psutil,wlp0s20f3,0,0,0.0,0.0,0,0,0,0,0,0
1769029708.0061028,860867.289736489,1.0015247449046,psutil,enp0s31f6,1955,1420,0.015616189294943263,0.011342705267938331,18,10,0,0,0,0
1769029708.0061028,860867.289736489,1.0015247449046,psutil,wlp0s20f3,0,0,0.0,0.0,0,0,0,0,0,0
1769029709.0076735,860868.291307364,1.0015708750579506,psutil,enp0s31f6,1526,908,0.012188852835096317,0.0072526070604636015,16,6,0,0,0,0
1769029709.0076735,860868.291307364,1.0015708750579506,psutil,wlp0s20f3,0,0,0.0,0.0,0,0,0,0,0,0
1769029710.0092125,860869.292845952,1.0015385879669338,psutil,enp0s31f6,2306,1666,0.01841965973317951,0.013307525201854757,21,14,0,0,0,0
1769029710.0092125,860869.292845952,1.0015385879669338,psutil,wlp0s20f3,0,0,0.0,0.0,0,0,0,0,0,0
1769029711.0106344,860870.294267402,1.0014214500552043,psutil,enp0s31f6,3880,3865,0.030995940818212844,0.030876111150101193,31,21,0,0,0,0
1769029711.0106344,860870.294267402,1.0014214500552043,psutil,wlp0s20f3,0,0,0.0,0.0,0,0,0,0,0,0
1769029712.0121608,860871.295794149,1.0015267470153049,psutil,enp0s31f6,2470,2168,0.019729877468462696,0.017317560466245798,24,12,0,0,0,0
1769029712.0121608,860871.295794149,1.0015267470153049,psutil,wlp0s20f3,0,0,0.0,0.0,0,0,0,0,0,0
1769029713.013644,860872.297275691,1.0014815418981016,psutil,enp0s31f6,3980,1474,0.03179289749030606,0.01177455550269124,23,11,0,0,0,0
1769029713.013644,860872.297275691,1.0014815418981016,psutil,wlp0s20f3,0,0,0.0,0.0,0,0,0,0,0,0
1769029714.015057,860873.298690159,1.0014144680462778,psutil,enp0s31f6,2512,1790,0.020067614999817754,0.014299773427417905,24,13,0,0,0,0
1769029714.015057,860873.298690159,1.0014144680462778,psutil,wlp0s20f3,0,0,0.0,0.0,0,0,0,0,0,0
1769029715.0166037,860874.300241263,1.001551104011014,psutil,enp0s31f6,2670,2298,0.02132691972926536,0.018355528665862098,20,14,0,0,0,0
1769029715.0166037,860874.300241263,1.001551104011014,psutil,wlp0s20f3,0,0,0.0,0.0,0,0,0,0,0,0
1769029716.0175533,860875.30119051,1.0009492470417172,psutil,enp0s31f6,2722,1728,0.02175534879951054,0.01381089005347326,23,13,0,0,0,0
1769029716.0175533,860875.30119051,1.0009492470417172,psutil,wlp0s20f3,0,0,0.0,0.0,0,0,0,0,0,0
1769029717.0191045,860876.302738314,1.0015478039858863,psutil,enp0s31f6,2758,1846,0.022029902029829546,0.014745177355716224,25,13,0,0,0,0
1769029717.0191045,860876.302738314,1.0015478039858863,psutil,wlp0s20f3,0,0,0.0,0.0,0,0,0,0,0,0
1769189046.4070392,1020205.69067211,,psutil,enp0s31f6,0,0,,,0,0,0,0,0,0
1769189046.4070392,1020205.69067211,,psutil,wlp0s20f3,0,0,,,0,0,0,0,0,0
1769189047.4084296,1020206.692061357,1.00138924701605,psutil,enp0s31f6,1982,1586,0.015834002659053784,0.01267039768782003,19,11,0,0,0,0
1769189047.4084296,1020206.692061357,1.00138924701605,psutil,wlp0s20f3,0,0,0.0,0.0,0,0,0,0,0,0
1769189048.4098287,1020207.693460409,1.0013990519801155,psutil,enp0s31f6,1473,1111,0.011767536604612236,0.008875582598590764,14,8,0,0,0,0
1769189048.4098287,1020207.693460409,1.0013990519801155,psutil,wlp0s20f3,0,0,0.0,0.0,0,0,0,0,0,0
1769189049.4112904,1020208.694921898,1.001461489009671,psutil,enp0s31f6,4903,3927,0.03916675821332678,0.031370152866354126,37,24,0,0,0,0
1769189049.4112904,1020208.694921898,1.001461489009671,psutil,wlp0s20f3,0,0,0.0,0.0,0,0,0,0,0,0
1769189050.4126496,1020209.696281169,1.001359271002002,psutil,enp0s31f6,2146,1806,0.017144695712280146,0.014428387910707339,21,13,0,0,0,0
1769189050.4126496,1020209.696281169,1.001359271002002,psutil,wlp0s20f3,0,0,0.0,0.0,0,0,0,0,0,0
1769189051.4140842,1020210.697717633,1.001436464022845,psutil,enp0s31f6,1510,1106,0.012062672405070751,0.008835308397356457,14,8,0,0,0,0
1769189051.4140842,1020210.697717633,1.001436464022845,psutil,wlp0s20f3,0,0,0.0,0.0,0,0,0,0,0,0
1769189052.4468222,1020211.730453776,1.0327361429808661,psutil,enp0s31f6,2708,2218,0.020977284611604204,0.01718154256592988,24,16,0,0,0,0
1769189052.4468222,1020211.730453776,1.0327361429808661,psutil,wlp0s20f3,0,0,0.0,0.0,0,0,0,0,0,0
1769189053.4484255,1020212.732057207,1.0016034310683608,psutil,enp0s31f6,2502,1862,0.019983957102313363,0.014872153526981407,25,13,0,0,0,0
1769189053.4484255,1020212.732057207,1.0016034310683608,psutil,wlp0s20f3,0,0,0.0,0.0,0,0,0,0,0,0
1769189054.4498997,1020213.733531431,1.0014742239145562,psutil,enp0s31f6,20826,65202,0.16636274406420934,0.520848153196705,58,69,0,0,0,0
1769189054.4498997,1020213.733531431,1.0014742239145562,psutil,wlp0s20f3,0,0,0.0,0.0,0,0,0,0,0,0
1769189055.4512484,1020214.734880132,1.0013487010728568,psutil,enp0s31f6,7981,89394,0.06376200411664039,0.714188772835854,56,89,0,0,0,0
1769189055.4512484,1020214.734880132,1.0013487010728568,psutil,wlp0s20f3,0,0,0.0,0.0,0,0,0,0,0,0
1769189056.4526896,1020215.736322337,1.0014422049280256,psutil,enp0s31f6,8847,37292,0.07067407350291045,0.2979063579824276,60,57,0,0,0,0
1769189056.4526896,1020215.736322337,1.0014422049280256,psutil,wlp0s20f3,0,0,0.0,0.0,0,0,0,0,0,0
1769189057.4540634,1020216.737695483,1.0013731460785493,psutil,enp0s31f6,5288,49206,0.0422459900843812,0.39310820500984517,41,53,0,0,0,0
1769189057.4540634,1020216.737695483,1.0013731460785493,psutil,wlp0s20f3,0,0,0.0,0.0,0,0,0,0,0,0
1769189058.4556606,1020217.739292062,1.0015965789789334,psutil,enp0s31f6,13236,56769,0.10571921093015947,0.4534280662809175,52,68,0,0,0,0
1769189058.4556606,1020217.739292062,1.0015965789789334,psutil,wlp0s20f3,0,0,0.0,0.0,0,0,0,0,0,0
1769189059.4570491,1020218.740681116,1.0013890539994463,psutil,enp0s31f6,17632,67946,0.140860337384992,0.5428140020395116,63,78,0,0,0,0
1769189059.4570491,1020218.740681116,1.0013890539994463,psutil,wlp0s20f3,0,0,0.0,0.0,0,0,0,0,0,0
1769189060.4587512,1020219.742383039,1.001701922970824,psutil,enp0s31f6,7528,23480,0.06012167753595708,0.187520853951152,44,44,0,0,0,0
1769189060.4587512,1020219.742383039,1.001701922970824,psutil,wlp0s20f3,0,0,0.0,0.0,0,0,0,0,0,0
1769189061.4602633,1020220.743895241,1.0015122019685805,psutil,enp0s31f6,6614,18324,0.05283210718351284,0.14637065800282573,46,41,0,0,0,0
1769189061.4602633,1020220.743895241,1.0015122019685805,psutil,wlp0s20f3,0,0,0.0,0.0,0,0,0,0,0,0
1769189062.494122,1020221.777755588,1.033860347000882,psutil,enp0s31f6,5023,14626,0.038867918782811886,0.11317582721827726,36,35,0,0,0,0
1769189062.494122,1020221.777755588,1.033860347000882,psutil,wlp0s20f3,0,0,0.0,0.0,0,0,0,0,0,0
1769189063.4956841,1020222.779317337,1.001561749028042,psutil,enp0s31f6,4720,15600,0.03770112031199664,0.12460539764134486,36,29,0,0,0,0
1769189063.4956841,1020222.779317337,1.001561749028042,psutil,wlp0s20f3,0,0,0.0,0.0,0,0,0,0,0,0
1769189064.496563,1020223.780196134,1.000878797029145,psutil,enp0s31f6,5646,16076,0.0451283413476934,0.1284950789063973,43,38,0,0,0,0
1769189064.496563,1020223.780196134,1.000878797029145,psutil,wlp0s20f3,0,0,0.0,0.0,0,0,0,0,0,0
1769189065.4980912,1020224.781724535,1.0015284010441974,psutil,enp0s31f6,5746,16612,0.04589784967862478,0.1326931915874199,41,36,0,0,0,0
1769189065.4980912,1020224.781724535,1.0015284010441974,psutil,wlp0s20f3,0,0,0.0,0.0,0,0,0,0,0,0
1769189066.4996402,1020225.783274206,1.0015496709384024,psutil,enp0s31f6,5068,16114,0.04048126735642805,0.12871253792057646,32,31,0,0,0,0
1769189066.4996402,1020225.783274206,1.0015496709384024,psutil,wlp0s20f3,0,0,0.0,0.0,0,0,0,0,0,0
1769189067.5004709,1020226.78410249,1.0008282840717584,psutil,enp0s31f6,5646,17434,0.04513061902711125,0.13935657317014832,41,38,0,0,0,0
1769189067.5004709,1020226.78410249,1.0008282840717584,psutil,wlp0s20f3,0,0,0.0,0.0,0,0,0,0,0,0
1769189068.5019,1020227.785531698,1.0014292079722509,psutil,enp0s31f6,5812,17470,0.046429642384954666,0.13956053896509946,40,33,0,0,0,0
1769189068.5019,1020227.785531698,1.0014292079722509,psutil,wlp0s20f3,0,0,0.0,0.0,0,0,0,0,0,0
1769189069.5034618,1020228.787095149,1.001563451020047,psutil,enp0s31f6,5054,17674,0.04036888522521647,0.14117128560951245,38,33,0,0,0,0
1769189069.5034618,1020228.787095149,1.001563451020047,psutil,wlp0s20f3,0,0,0.0,0.0,0,0,0,0,0,0
1769189070.5050297,1020229.788663344,1.0015681949444115,psutil,enp0s31f6,5311,17984,0.042421474857593844,0.14364673391808844,41,34,0,0,0,0
1769189070.5050297,1020229.788663344,1.0015681949444115,psutil,wlp0s20f3,0,0,0.0,0.0,0,0,0,0,0,0
1769189071.5065703,1020230.790202164,1.0015388199826702,psutil,enp0s31f6,5072,19084,0.040513656775382996,0.15243742624239137,36,37,0,0,0,0
1769189071.5065703,1020230.790202164,1.0015388199826702,psutil,wlp0s20f3,0,0,0.0,0.0,0,0,0,0,0,0
1769189072.5073977,1020231.791029367,1.00082720303908,psutil,enp0s31f6,5844,19350,0.04671335856782706,0.15467205480620358,45,34,0,0,0,0
1769189072.5073977,1020231.791029367,1.00082720303908,psutil,wlp0s20f3,0,0,0.0,0.0,0,0,0,0,0,0
1769189073.5089548,1020232.792588227,1.0015588599490002,psutil,enp0s31f6,11386,24871,0.09094622756833107,0.19865831950219234,48,46,0,0,0,0
1769189073.5089548,1020232.792588227,1.0015588599490002,psutil,wlp0s20f3,0,0,0.0,0.0,0,0,0,0,0,0
1769189074.5104785,1020233.794111989,1.001523762010038,psutil,enp0s31f6,7246,20514,0.05787980495206564,0.16386231283282837,34,35,0,0,0,0
1769189074.5104785,1020233.794111989,1.001523762010038,psutil,wlp0s20f3,0,0,0.0,0.0,0,0,0,0,0,0
1769189075.512031,1020234.795664371,1.0015523820184171,psutil,enp0s31f6,5410,20862,0.043212917044616585,0.16663731522824238,39,38,0,0,0,0
1769189075.512031,1020234.795664371,1.0015523820184171,psutil,wlp0s20f3,0,0,0.0,0.0,0,0,0,0,0,0
